ticker,Index,marketCap,trailingPE,forwardPE,beta,trailingEps,industry,sector,fullTimeEmployees,country,ebitda,totalDebt,totalRevenue,grossProfits,freeCashflow,shortName,trailingPegRatio
MMM,0,76593922048,17.723537,18.01519,1.083,8.03,Conglomerates,Industrials,61500,United States,5328000000,14133999616,24512999424,10101999616,374500000,3M Company,3.3115
AOS,0,9067974656,17.824022,15.678132,1.213,3.58,Specialty Industrial Machinery,Industrials,12700,United States,768899968,295800000,3803200000,1446800000,344950016,A.O. Smith Corporation,1.7083
ABT,0,235957092352,17.612988,26.282946,0.737,7.7,Medical Devices,Healthcare,114000,United States,11020999680,13290000384,42344001536,23708000256,6032374784,Abbott Laboratories,
ABBV,0,337523703808,82.00859,15.752679,0.491,2.33,Drug Manufacturers - General,Healthcare,55000,United States,27366000640,70024003584,57366999040,40739000320,16941375488,AbbVie Inc.,0.4085
ACN,0,195138551808,25.697443,22.154228,1.327,12.13,Information Technology Services,Technology,801000,Ireland,11472501760,8060329984,67221491712,21633724416,8601244672,Accenture plc,2.4358
ADBE,0,166934020096,25.0595,19.059855,1.545,15.63,Software - Application,Technology,30709,United States,8883999744,6562999808,22601000960,20170999808,8303499776,Adobe Inc.,1.2797
AMD,0,188341829632,84.78832,22.776472,1.993,1.37,Semiconductors,Technology,28000,United States,5878000128,4730999808,27750000640,14867999744,3355624960,"Advanced Micro Devices, Inc.",0.5929
AES,0,8144398848,6.217391,5.635468,0.939,1.84,Utilities - Diversified,Utilities,9100,United States,3119000064,31181000704,12119000064,2136000000,-5762250240,The AES Corporation,
AFL,0,55243104256,15.891136,14.251046,0.807,6.43,Insurance - Life,Financial Services,12694,United States,4632249856,11196999680,16888999936,7669000192,5280000000,AFLAC Incorporated,
A,0,33258330112,28.837439,20.722124,1.232,4.06,Diagnostics & Research,Healthcare,18000,United States,1835000064,3684000000,6627999744,3551000064,1048374976,"Agilent Technologies, Inc.",1.9006
APD,0,62394658816,40.341007,19.786167,0.873,6.95,Specialty Chemicals,Basic Materials,21850,United States,4304699904,16532400128,12020700160,3840300032,-3988649984,"Air Products and Chemicals, Inc",6.8073
ABNB,0,83657048064,34.401012,30.119999,1.144,3.94,Travel Services,Consumer Cyclical,7300,United States,2532000000,2280000000,11232000000,9328000000,3194249984,"Airbnb, Inc.",2.104
AKAM,0,10964142080,25.848993,11.531437,0.769,2.98,Software - Infrastructure,Technology,10811,United States,1124982016,4618776064,4019336960,2374341888,514483488,"Akamai Technologies, Inc.",1.0745
ALB,0,7144375808,,33.0,1.614,-11.12,Specialty Chemicals,Basic Materials,8300,United States,191592992,3673838080,5093670912,200200000,-349651872,Albemarle Corporation,
ARE,0,12474235904,94.881584,20.96221,1.267,0.76,REIT - Office,Real Estate,552,United States,1971954944,13462246400,3111841024,2194494976,1259089792,Alexandria Real Estate Equities,
ALGN,0,12891421696,32.336365,17.334309,1.64,5.5,Medical Instruments & Supplies,Healthcare,21200,United States,810150976,118535000,3980843008,2787459072,630043904,"Align Technology, Inc.",0.9618
ALLE,0,11642470400,19.00281,17.368422,1.035,7.12,Security & Protection Services,Industrials,14400,Ireland,922300032,2147399936,3820199936,1699600000,520400000,Allegion plc,2.1378
LNT,0,15689986048,21.062069,18.910217,0.576,2.9,Utilities - Regulated Electric,Utilities,2998,United States,1759000064,10629000192,4078000128,1896000000,-1070000000,Alliant Energy Corporation,1.9477
ALL,0,52677595136,13.587431,10.452969,0.345,14.64,Insurance - Property & Casualty,Financial Services,55000,United States,6040999936,8087000064,65299001344,14785000448,4154874880,Allstate Corporation (The),2.0742
GOOGL,0,2126188118016,19.49442,19.49442,1.014,8.96,Internet Content & Information,Communication Services,185719,United States,135705001984,28497999872,359713013760,210757992448,60679000064,Alphabet Inc.,1.3387
GOOG,0,2126178287616,19.651398,19.651398,1.014,8.95,Internet Content & Information,Communication Services,185719,United States,135705001984,28497999872,359713013760,210757992448,60679000064,Alphabet Inc.,1.3479
MO,0,100746960896,10.035235,11.17944,0.643,5.96,Tobacco,Consumer Defensive,14654,United States,12382999552,26058999808,20245999616,14343999488,4378625024,"Altria Group, Inc.",
AMZN,0,2251738578944,34.600327,34.487804,1.334,6.13,Internet Retail,Consumer Cyclical,1560000,United States,126144004096,157952999424,650313007104,319681986560,39273500672,"Amazon.com, Inc.",2.347
AMCR,0,20851195904,16.25,11.518988,0.733,0.56,Packaging & Containers,Consumer Cyclical,41000,Switzerland,1899000064,9315999744,13461999616,2692999936,658000000,Amcor plc,1.7951
AEE,0,25945417728,21.219511,19.451218,0.505,4.51,Utilities - Regulated Electric,Utilities,8981,United States,3268000000,19623000064,7596000256,3727000064,-2507375104,Ameren Corporation,2.3842
AEP,0,54968668160,19.864866,17.47029,0.41,5.18,Utilities - Regulated Electric,Utilities,16330,United States,7971500032,46930198528,20159000576,9501800448,-2700450048,American Electric Power Company,2.4164
AXP,0,201622519808,20.083044,19.033731,1.254,14.33,Credit Services,Financial Services,75100,United States,,53153001472,62049001472,39907000320,,American Express Company,1.942
AIG,0,48763281408,20.636585,12.609538,0.658,4.1,Insurance - Diversified,Financial Services,22200,United States,7714999808,8753000448,27047000064,8787000320,19411625984,"American International Group, I",
AMT,0,100556038144,34.70113,31.634758,0.828,6.19,REIT - Specialty,Real Estate,4691,United States,6680600064,44383600640,10177399808,7587400192,4535612416,American Tower Corporation (REI,53.3532
AWK,0,27582496768,25.763206,24.814035,0.698,5.49,Utilities - Regulated Water,Utilities,6700,United States,2601999872,14508999680,4815000064,2904999936,-1206125056,"American Water Works Company, I",3.6665
AMP,0,47771324416,17.063946,12.986797,1.227,29.4,Asset Management,Financial Services,13600,United States,,4028000000,18082000896,10238000128,3326500096,"Ameriprise Financial, Inc.",2.0005
AME,0,40856350720,28.962357,24.241096,1.11,6.11,Specialty Industrial Machinery,Industrials,21500,United States,2180838912,2169606912,6936970752,2480768000,1462736512,"AMETEK, Inc.",2.8463
AMGN,0,158741561344,26.887068,14.282536,0.496,10.98,Drug Manufacturers - General,Healthcare,28000,United States,15726000128,57380999168,34126000128,23569999872,13090124800,Amgen Inc.,0.9828
APH,0,111875899392,44.89806,42.819443,1.131,2.06,Electronic Components,Technology,125000,United States,4452499968,7166900224,16777400320,5773799936,1426462464,Amphenol Corporation,2.3311
ADI,0,111670689792,60.983738,29.844828,1.0,3.69,Semiconductors,Technology,24000,United States,4371051008,7219018240,9818655744,5769280000,2982311936,"Analog Devices, Inc.",1.5039
ANSS,0,29716520960,50.22437,30.700274,1.189,6.73,Software - Application,Technology,6600,United States,878038976,860905024,2583095040,2388879104,772483648,"ANSYS, Inc.",2.2157
AON,0,76226822144,30.483593,20.299023,0.864,11.58,Insurance Brokers,Financial Services,60000,Ireland,5248000000,18510000128,16357000192,7647000064,3189374976,Aon plc,1.7141
APA,0,7581353472,7.530466,7.64,1.246,2.79,Oil & Gas E&P,Energy,2305,United States,5967000064,5490999808,10147999744,6829000192,2278000128,APA Corporation,
APO,0,75500077056,23.055847,15.57901,1.571,5.73,Asset Management,Financial Services,5141,United States,,29268000768,24387000320,10789000192,,"Apollo Global Management, Inc. ",
AAPL,0,2934137946112,30.599688,23.64019,1.211,6.42,Consumer Electronics,Technology,164000,United States,138865999872,98186002432,400366010368,186699005952,97251500032,Apple Inc.,1.7837
AMAT,0,136898125824,20.75304,17.604748,1.664,8.22,Semiconductor Equipment & Materials,Technology,36000,United States,8744999936,6670000128,28088999936,13521000448,3740875008,"Applied Materials, Inc.",1.8381
APTV,0,14642342912,10.988563,9.63467,1.473,6.12,Auto Parts,Consumer Cyclical,141000,Switzerland,3104999936,8439000064,19637000192,3780000000,1634625024,Aptiv PLC,0.9263
ACGL,0,34098958336,9.332308,10.065266,0.516,9.75,Insurance - Diversified,Financial Services,7200,Bermuda,4457999872,2728000000,18172000256,6162999808,7810124800,Arch Capital Group Ltd.,
ADM,0,24983398400,18.30986,10.25641,0.656,2.84,Farm Products,Consumer Defensive,42383,United States,2609999872,12423000064,83857997824,5298999808,95125000,Archer-Daniels-Midland Company,
ANET,0,115984211968,38.966248,9.491264,1.379,2.37,Computer Hardware,Technology,4412,United States,3186673920,0,7436546048,4766003200,3057000960,"Arista Networks, Inc.",2.4857
AJG,0,81076625408,48.78891,28.070925,0.75,6.49,Insurance Brokers,Financial Services,53714,United States,3720999936,13422900224,11243499520,4909100032,2389237504,Arthur J. Gallagher & Co.,1.2816
AIZ,0,10047674368,15.457878,11.058594,0.603,12.82,Insurance - Property & Casualty,Financial Services,14200,United States,1160099968,2083699968,12071400448,1205200000,1277987456,"Assurant, Inc.",
T,0,202988863488,17.29448,12.584822,0.604,1.63,Telecom Services,Communication Services,139970,United States,44259000320,145288003584,122934001664,73633996800,14413375488,AT&T Inc.,1.1459
ATO,0,24300472320,21.36732,21.427172,0.703,7.16,Utilities - Regulated Gas,Utilities,5260,United States,2189750016,8506464256,4485993984,2608951040,-1614407040,Atmos Energy Corporation,2.3782
ADSK,0,62506168320,62.561028,31.825706,1.449,4.67,Software - Application,Technology,15300,United States,1499000064,2544000000,6346999808,5839000064,2230500096,"Autodesk, Inc.",1.7328
ADP,0,124545302528,31.340143,28.226313,0.798,9.79,Software - Application,Technology,64000,United States,5949100032,4366700032,20202600448,9766200320,2908587520,"Automatic Data Processing, Inc.",3.3198
AZO,0,60918845440,24.690573,20.896053,0.401,147.53,Auto Parts,Consumer Cyclical,75600,United States,4299864064,12281261056,18901370880,10007842816,,"AutoZone, Inc.",1.8781
AVB,0,29353433088,25.644278,37.216606,0.872,8.04,REIT - Residential,Real Estate,2928,United States,1825577984,8477019136,2988731904,1902109952,1227122816,"AvalonBay Communities, Inc.",6.972
AVY,0,13652586496,20.073565,16.60076,0.89,8.7,Packaging & Containers,Consumer Cyclical,35000,United States,1428700032,3459099904,8752700416,2520000000,579662528,Avery Dennison Corporation,2.1269
AXON,0,60772671488,188.55798,125.908066,1.285,4.14,Aerospace & Defense,Industrials,4100,United States,113022000,2046727936,2226288128,1349100032,483596640,"Axon Enterprise, Inc.",
BKR,0,38678880256,13.324232,15.190662,0.9,2.93,Oil & Gas Equipment & Services,Energy,57000,United States,4622000128,6024000000,27837999104,5945999872,1716875008,Baker Hughes Company,4.1908
BALL,0,15083215872,30.892044,15.4022665,1.083,1.76,Packaging & Containers,Consumer Cyclical,16000,United States,1886000000,7062000128,12017999872,2454000128,251750000,Ball Corporation,
BAC,0,332080578560,13.161195,12.046448,1.307,3.35,Banks - Diversified,Financial Services,213000,United States,,773838995456,97452998656,97452998656,,Bank of America Corporation,1.6591
BAX,0,15713419264,,10.631945,0.613,-0.52,Medical Instruments & Supplies,Healthcare,38000,United States,1955000064,10309000192,10771000320,4224000000,1701500032,Baxter International Inc.,
BDX,0,49356595200,33.30948,10.947871,0.279,5.17,Medical Instruments & Supplies,Healthcare,70000,United States,5573000192,19270000640,20867000320,9665999872,3501750016,"Becton, Dickinson and Company",0.7507
BRK.B,0,,,,,,,,,,,,,,,,
BBY,0,14709751808,16.975609,10.175438,1.27,4.1,Specialty Retail,Consumer Cyclical,85000,United States,2592999936,4059000064,41448001536,9370000384,1394499968,"Best Buy Co., Inc.",1.6828
TECH,0,7919869440,60.86747,23.068493,1.381,0.83,Biotechnology,Healthcare,3100,United States,288959008,423499008,1208770048,801673024,244408752,Bio-Techne Corp,1.3822
BIIB,0,19143882752,12.897334,7.8421364,0.149,10.13,Drug Manufacturers - General,Healthcare,7605,United States,3080900096,6621199872,9816399872,7426200064,3428212480,Biogen Inc.,
BLK,0,150560194560,23.582142,19.79267,1.423,41.21,Asset Management,Financial Services,22600,United States,8415000064,14259000320,20955000832,10352000000,5569375232,"BlackRock, Inc.",2.0715
BX,0,165496700928,41.336365,23.397943,1.641,3.3,Asset Management,Financial Services,4895,United States,,14521400320,12372734976,12372734976,,Blackstone Inc.,2.4158
BK,0,63387451392,14.453506,13.568147,1.075,6.13,Banks - Diversified,Financial Services,51000,United States,,72580997120,18823000064,18823000064,,The Bank of New York Mellon Cor,1.1633
BA,0,151042490368,,426.21277,1.418,-17.97,Aerospace & Defense,Industrials,172000,United States,-7688000000,55878000640,69444001792,-1244000000,-7940499968,Boeing Company (The),
BKNG,0,172410863616,33.00349,25.248415,1.414,160.54,Travel Services,Consumer Cyclical,24500,United States,8499999744,16760999936,24085999616,20864999424,7502374912,Booking Holdings Inc. Common St,1.5165
BSX,0,147560333312,72.80292,35.749104,0.688,1.37,Medical Devices,Healthcare,53000,United States,4536000000,11708000256,17553999872,12016000000,2315000064,Boston Scientific Corporation,2.457
BMY,0,101245222912,18.563433,7.076813,0.386,2.68,Drug Manufacturers - General,Healthcare,34100,United States,19174000640,51271000064,47636000768,35578998784,13926124544,Bristol-Myers Squibb Company,
AVGO,0,1169752981504,90.76642,40.30794,1.122,2.74,Semiconductors,Technology,37000,United States,31113000960,40456998912,57045999616,43945000960,26148749312,Broadcom Inc.,1.4598
BR,0,27859873792,35.71988,25.366842,0.969,6.64,Information Technology Services,Technology,14000,United States,1684600064,3640600064,6768000000,2119200000,1226525056,"Broadridge Financial Solutions,",1.6893
BRO,0,34747031552,29.699165,26.068459,0.839,3.59,Insurance Brokers,Financial Services,17403,United States,1667000064,4038000128,4860000256,2401999872,1039500032,"Brown & Brown, Inc.",
BF.B,0,,,,,,,,,,,,,,,,
BLDR,0,12299214848,14.267948,9.55279,1.7,7.8,Building Products & Equipment,Industrials,29000,United States,1972672000,5109225984,16166635520,5198431232,1073425152,"Builders FirstSource, Inc.",
BG,0,10941911040,10.450578,8.753763,0.656,7.79,Farm Products,Consumer Defensive,23000,United States,1790000000,7661000192,51334000640,3056000000,-1116625024,Bunge Limited,
BXP,0,12743171072,,38.55615,1.186,-0.03,REIT - Office,Real Estate,816,United States,1891934976,16439787520,3397133056,2054183936,1055764864,"BXP, Inc.",0.372
CHRW,0,11106098176,22.324583,19.65126,0.908,4.19,Integrated Freight & Logistics,Industrials,13347,United States,803630976,1728790016,17359384576,1371773056,553985856,"C.H. Robinson Worldwide, Inc.",2.1951
CDNS,0,81912594432,76.33588,43.79562,0.984,3.93,Software - Application,Technology,12837,United States,1710598016,2477158912,4874527232,4185089024,1264132736,"Cadence Design Systems, Inc.",3.4301
CZR,0,5315661824,,19.074627,2.309,-1.1,Resorts & Casinos,Consumer Cyclical,50000,United States,3628000000,25965000704,11297000448,5841999872,21125000,"Caesars Entertainment, Inc.",
CPT,0,12406029312,106.53211,71.679016,0.802,1.09,REIT - Residential,Real Estate,1660,United States,886947968,3738170880,1562268032,961328000,687080000,Camden Property Trust,
CPB,0,9775682560,21.86,9.615836,0.108,1.5,Packaged Foods,Consumer Defensive,14400,United States,1855000064,7264999936,10225000448,3131000064,681625024,The Campbell's Company,0.5615
COF,0,123437809664,16.204203,12.313538,1.132,11.9,Credit Services,Financial Services,53900,United States,,45076000768,28308000768,28308000768,,Capital One Financial Corporati,1.4313
CAH,0,38524854272,25.259783,18.681713,0.677,6.39,Medical Distribution,Healthcare,47922,United States,3164999936,7679000064,222286004224,7848000000,3518749952,"Cardinal Health, Inc.",0.8487
KMX,0,9888065536,20.221184,17.217508,1.382,3.21,Auto & Truck Dealerships,Consumer Cyclical,30048,United States,1083725952,19426207744,28207319040,3479650048,354984000,CarMax Inc,0.8095
CCL,0,30362413056,14.458065,13.02907,2.583,1.55,Travel Services,Consumer Cyclical,115000,United States,6383000064,28394999808,25423998976,13731999744,951500032,Carnival Corporation,
CARR,0,61074763776,47.493332,23.43421,1.326,1.5,Building Products & Equipment,Industrials,48000,United States,3232000000,11621000192,22283999232,5966000128,4930124800,Carrier Global Corporation,39.5778
CAT,0,167925972992,17.425573,16.119638,1.368,20.49,Farm & Heavy Construction Machinery,Industrials,112900,United States,14789999616,38587998208,63259000832,20144001024,6817750016,"Caterpillar, Inc.",1.893
CBOE,0,23645241344,29.672798,24.598038,0.428,7.61,Financial Data & Stock Exchanges,Financial Services,1685,United States,1369600000,1603600000,4332299776,2135500032,813524992,"Cboe Global Markets, Inc.",
CBRE,0,39639019520,40.66361,22.161667,1.29,3.27,Real Estate Services,Real Estate,140000,United States,2256000000,9041999872,36742000640,7205000192,1163250048,CBRE Group Inc,0.9446
CDW,0,22441756672,21.091583,16.83992,0.943,8.08,Information Technology Services,Technology,15100,United States,1985799936,6337299968,21325099008,4661400064,957524992,CDW Corporation,
COR,0,57282453504,34.245655,18.064793,0.571,8.63,Medical Distribution,Healthcare,42000,United States,4311264256,9765555200,310232186880,10221025280,3878175488,"Cencora, Inc.",0.8242
CNC,0,27477639168,8.144543,7.84375,0.457,6.78,Healthcare Plans,Healthcare,60400,United States,6483999744,18319998976,153265995776,21987999744,2509374976,Centene Corporation,0.5733
CNP,0,23739717632,24.574324,20.902298,0.576,1.48,Utilities - Regulated Electric,Utilities,8872,United States,3361999872,22186999808,8942999552,4036999936,-1248875008,"CenterPoint Energy, Inc (Holdin",2.4422
CF,0,16189659136,13.218254,16.169903,0.955,7.56,Agricultural Inputs,Basic Materials,2800,United States,2784999936,3296000000,6128999936,2219000064,1633874944,"CF Industries Holdings, Inc.",0.6868
CRL,0,7340341248,,14.537938,1.481,-0.61,Diagnostics & Research,Healthcare,18700,United States,888742016,2989334016,4022597120,1395276032,625616896,Charles River Laboratories Inte,0.1289
SCHW,0,158730502144,26.472729,22.989473,0.933,3.3,Capital Markets,Financial Services,32100,United States,,54559997952,20465000448,19861999616,,Charles Schwab Corporation (The,1.0927
CHTR,0,53695447040,10.845983,10.86417,1.081,35.84,Telecom Services,Communication Services,94500,United States,22151999488,95557001216,55140999168,30293999616,3570749952,"Charter Communications, Inc.",0.4127
CVX,0,252749692928,16.675428,13.216486,0.801,8.75,Oil & Gas Integrated,Energy,45298,United States,38499999744,29681000448,195112992768,75975000064,13518749696,Chevron Corporation,3.9588
CMG,0,67691368448,44.46018,38.351147,1.061,1.13,Restaurants,Consumer Cyclical,130504,United States,2342904064,4633078784,11487257600,4627334144,1160955648,"Chipotle Mexican Grill, Inc.",2.1629
CB,0,114930524160,13.814548,12.146972,0.555,20.76,Insurance - Property & Casualty,Financial Services,43000,Switzerland,10869000192,21137000448,56306999296,15146999808,11917375488,Chubb Limited,2.4514
CHD,0,23911032832,41.66953,26.02949,0.515,2.33,Household & Personal Products,Consumer Defensive,5750,United States,1365400064,2404600064,6070900224,2762700032,764049984,"Church & Dwight Company, Inc.",2.3183
CI,0,84791189504,17.702175,10.1341,0.45,17.93,Healthcare Plans,Healthcare,71295,United States,11470999552,30448001024,255368003584,26186000384,7582125056,The Cigna Group,0.6159
CINF,0,22876653568,15.943355,19.967258,0.786,9.18,Insurance - Property & Casualty,Financial Services,5624,United States,1972999936,878000000,10968000512,1963000064,1229624960,Cincinnati Financial Corporatio,
CTAS,0,89632636928,51.50348,47.431625,1.065,4.31,Specialty Business Services,Industrials,46500,United States,2664393984,2691842048,10143464448,5063624192,1619095040,Cintas Corporation,3.9594
CSCO,0,253796384768,26.159182,16.433332,0.882,2.45,Communication Equipment,Technology,90400,United States,14741999616,30744999936,55623000064,36290998272,11596375040,"Cisco Systems, Inc.",2.1353
C,0,142619869184,12.063191,10.620306,1.31,6.33,Banks - Diversified,Financial Services,229000,United States,,801248968704,71819001856,71819001856,,"Citigroup, Inc.",1.1293
CFG,0,17489063936,12.803175,10.421189,1.074,3.15,Banks - Regional,Financial Services,17315,United States,,13196999680,7116000256,7116000256,,"Citizens Financial Group, Inc.",
CLX,0,15168746496,22.055555,16.88203,0.533,5.58,Household & Personal Products,Consumer Defensive,7400,United States,1260999936,2944000000,7018999808,3164000000,1120875008,Clorox Company (The),0.5519
CME,0,97116749824,27.112677,25.988428,0.476,9.94,Financial Data & Stock Exchanges,Financial Services,3760,United States,4419100160,3796499968,6274100224,6274100224,2680800000,CME Group Inc.,8.2207
CMS,0,21097216000,20.866863,19.701117,0.379,3.38,Utilities - Regulated Electric,Utilities,8324,United States,2801999872,16965999616,7785999872,3318000128,-1015124992,CMS Energy Corporation,2.8565
KO,0,305689231360,28.522087,23.912457,0.464,2.49,Beverages - Non-Alcoholic,Consumer Defensive,69700,United States,15388000256,49970999296,46890000384,28637999104,4730375168,Coca-Cola Company (The),4.3944
CTSH,0,38917771264,16.621052,15.821644,0.976,4.75,Information Technology Services,Technology,336300,United States,3595000064,1179000064,20091000832,6881999872,1986499968,Cognizant Technology Solutions ,1.8791
CL,0,73148506112,25.569407,23.38342,0.382,3.53,Household & Personal Products,Consumer Defensive,34000,United States,4861000192,8269000192,19946999808,12129000448,2880124928,Colgate-Palmolive Company,1.9566
CMCSA,0,130716835840,8.623153,7.99315,0.948,4.06,Telecom Services,Communication Services,182000,United States,38270001152,99122003968,123560001536,86941999104,9956500480,Comcast Corporation,1.636
CAG,0,10296697856,31.720587,8.018587,0.137,0.68,Packaged Foods,Consumer Defensive,18500,United States,2138700032,8145099776,11736899584,3129900032,1283399936,"ConAgra Brands, Inc.",0.2984
COP,0,122403274752,12.288974,12.07472,0.62,7.89,Oil & Gas E&P,Energy,11800,United States,25586999296,23783999488,59090001920,28981999616,8659749888,ConocoPhillips,
ED,0,37456371712,19.216267,18.49822,0.259,5.41,Utilities - Regulated Electric,Utilities,15097,United States,5599000064,26215999488,15774000128,8415000064,-879875008,"Consolidated Edison, Inc.",3.5701
STZ,0,29356392448,,10.86882,0.696,-0.45,Beverages - Brewers,Consumer Defensive,10600,United States,3956999936,12113500160,10208700416,5335499776,1076337536,"Constellation Brands, Inc.",1.1447
CEG,0,93050372096,31.251581,33.17207,1.163,9.5,Utilities - Renewable,Utilities,14215,United States,6545999872,8358000128,24195000320,5591000064,3761374976,Constellation Energy Corporatio,
COO,0,13906055168,33.671497,17.083332,0.986,2.07,Medical Instruments & Supplies,Healthcare,16000,United States,1123500032,2859599872,3988199936,2680000000,229675008,"The Cooper Companies, Inc.",1.1518
CPRT,0,46983421952,32.17881,27.925287,1.101,1.51,Specialty Business Services,Industrials,13086,United States,1903851008,101060000,4590859776,2136147968,873605888,"Copart, Inc.",2.4039
GLW,0,42480959488,95.38461,21.47186,1.096,0.52,Electronic Components,Technology,56300,United States,2912999936,8152999936,13594999808,4707999744,1178125056,Corning Incorporated,0.4916
CPAY,0,22786992128,22.668303,14.57394,0.964,14.26,Software - Infrastructure,Technology,11200,United States,2143904000,8243302912,4045005056,3161487104,690412480,"Corpay, Inc.",
CTVA,0,49409572864,43.63253,22.563862,0.754,1.66,Agricultural Inputs,Basic Materials,22000,United States,3328000000,4083000064,16833000448,7512000000,2847500032,"Corteva, Inc.",1.2502
CSGP,0,34240350208,289.85715,72.46429,0.873,0.28,Real Estate Services,Real Estate,6593,United States,183200000,1119600000,2812000000,2241400064,85037504,"CoStar Group, Inc.",2.0115
COST,0,439135371264,56.1662,50.315548,0.993,17.63,Discount Stores,Consumer Defensive,333000,United States,12442000384,8179999744,268775997440,34339000320,6088374784,Costco Wholesale Corporation,5.2567
CTRA,0,20379068416,15.614036,11.4592285,0.326,1.71,Oil & Gas E&P,Energy,915,United States,3574000128,4521999872,5801999872,4318000128,1317874944,Coterra Energy Inc.,
CRWD,0,119793573888,,112.55737,1.158,-0.72,Software - Infrastructure,Technology,10363,United States,-12793000,785398016,4136022016,3080400896,1310727424,"CrowdStrike Holdings, Inc.",5.4928
CCI,0,42844811264,,36.712685,0.9,-9.01,REIT - Specialty,Real Estate,3900,United States,3944999936,29674999808,6514999808,4672000000,1286625024,Crown Castle Inc.,2.4701
CSX,0,60339023872,19.119047,15.8226595,1.236,1.68,Railroads,Industrials,23400,United States,6789000192,19725000704,14282000384,6789000192,2121124992,CSX Corporation,2.1617
CMI,0,44016857088,15.748151,14.188721,1.028,20.29,Specialty Industrial Machinery,Industrials,69600,United States,5036000256,8114999808,33873000448,8664999936,-424875008,Cummins Inc.,2.5582
CVS,0,85338251264,16.100239,10.410494,0.561,4.19,Healthcare Plans,Healthcare,219000,United States,13946999808,81212997632,376741003264,51016998912,6530874880,CVS Health Corporation,0.7084
DHR,0,143613493248,38.889534,23.9463,0.799,5.16,Diagnostics & Research,Healthcare,61000,United States,7464000000,17577000960,23819999232,14245000192,4234749952,Danaher Corporation,1.9704
DRI,0,25453154304,24.520857,20.59659,0.745,8.87,Restaurants,Consumer Cyclical,191105,United States,1855299968,7882999808,11762299904,2534500096,765237504,"Darden Restaurants, Inc.",2.1331
DVA,0,10287541248,13.490584,12.078082,1.109,10.09,Medical Care Facilities,Healthcare,76000,United States,2659367936,12320337920,12968523776,4209318912,1583755776,DaVita Inc.,1.8585
DAY,0,9126007808,356.75003,25.828054,1.117,0.16,Software - Application,Technology,9600,United States,233500000,1231200000,1810300032,911400000,267812496,"Dayforce, Inc.",
DECK,0,15164766208,16.031597,15.955975,1.016,6.33,Footwear & Accessories,Consumer Cyclical,5500,United States,1252734976,276975008,4985611776,2885662976,780141632,Deckers Outdoor Corporation,1.8281
DE,0,138010738688,24.629772,22.985565,1.102,20.69,Farm & Heavy Construction Machinery,Industrials,75800,United States,9306000384,67107999744,45383999488,12805000192,4988000256,Deere & Company,1.9182
DELL,0,74374701056,17.172413,11.655319,1.087,6.38,Computer Hardware,Technology,108000,United States,9904000000,29625999360,96700997632,21492000768,1892875008,Dell Technologies Inc.,0.8382
DAL,0,30714910720,8.3404255,6.700855,1.508,5.64,Airlines,Industrials,100000,United States,7950000128,23380000768,61935001600,13333000192,1395000064,"Delta Air Lines, Inc.",
DVN,0,22544130048,7.9977226,7.872197,1.063,4.39,Oil & Gas E&P,Energy,2300,United States,7759000064,9006999552,15943000064,8360999936,-1608749952,Devon Energy Corporation,
DXCM,0,32148852736,61.646614,40.389164,1.461,1.33,Medical Devices,Healthcare,10200,United States,857800000,2583200000,4148000000,2465299968,509037504,"DexCom, Inc.",1.266
FANG,0,45259747328,9.633707,10.5812845,1.036,16.08,Oil & Gas E&P,Energy,1983,United States,9171999744,14023000064,12286000128,9271000064,2043000064,"Diamondback Energy, Inc.",
DLR,0,59867807744,164.59435,144.19008,0.975,1.06,REIT - Specialty,Real Estate,3936,United States,2488730112,18438764544,5519691776,2988041984,1393827072,"Digital Realty Trust, Inc.",6.0875
DFS,0,50343182336,10.686432,12.082167,1.146,18.72,Credit Services,Financial Services,21000,United States,,14538000384,13342999552,12590999552,,Discover Financial Services,
DG,0,24577529856,21.312979,17.954985,0.266,5.24,Discount Stores,Consumer Defensive,194200,United States,2962992896,17018013696,41134264320,12256635904,1635128448,Dollar General Corporation,1.8456
DLTR,0,19865772032,18.775148,15.707921,0.845,5.07,Discount Stores,Consumer Defensive,64434,United States,2075299968,7907400192,18049300480,6467299840,1202599936,"Dollar Tree, Inc.",
D,0,47338426368,21.432432,16.423077,0.557,2.59,Utilities - Regulated Electric,Utilities,14700,United States,7336000000,44607000576,14903000064,7258999808,-2503249920,"Dominion Energy, Inc.",2.079
DPZ,0,15482294272,25.911173,25.632086,1.122,17.45,Restaurants,Consumer Cyclical,6400,United States,935030976,5299667968,4733825024,1346251008,474226624,Domino's Pizza Inc,2.637
DASH,0,92782985216,277.16455,123.01124,1.669,0.79,Internet Retail,Consumer Cyclical,23700,United States,530000000,527000000,11240999936,5648000000,1858125056,"DoorDash, Inc.",1.1134
DOV,0,24204339200,23.476063,18.760893,1.268,7.52,Specialty Industrial Machinery,Industrials,24000,United States,1666148992,2972802048,7728248832,3035323904,922395776,Dover Corporation,2.2502
DOW,0,21135173632,74.75,9.614148,0.878,0.4,Chemicals,Basic Materials,36000,United States,4520999936,17920999424,42630000640,4075000064,-592000000,Dow Inc.,1.3889
DHI,0,37807837184,9.331312,7.7263026,1.37,13.19,Residential Construction,Consumer Cyclical,14766,United States,5640000000,6611999744,35315298304,8541799936,1288112512,"D.R. Horton, Inc.",1.452
DTE,0,28060313600,18.272972,18.754507,0.453,7.4,Utilities - Regulated Electric,Utilities,4750,United States,3460999936,23437000704,13656999936,4489999872,-1550125056,DTE Energy Company,3.238
DUK,0,90830258176,19.379766,18.432177,0.358,6.03,Utilities - Regulated Electric,Utilities,26413,United States,14897999872,87480999936,30512001024,15747999744,-2420750080,Duke Energy Corporation (Holdin,2.942
DD,0,27985029120,2229.0002,15.2323475,1.03,0.03,Specialty Chemicals,Basic Materials,24000,United States,3177999872,7704999936,12520999936,4640000000,1773874944,"DuPont de Nemours, Inc.",0.6235
EMN,0,8796897280,9.705733,8.757472,1.264,7.85,Specialty Chemicals,Basic Materials,14000,United States,1923000064,5112000000,9361999872,2332000000,532375008,Eastman Chemical Company,1.933
ETN,0,126648156160,32.692932,26.85975,1.143,9.9,Specialty Industrial Machinery,Industrials,94443,Ireland,5792000000,10757999616,25312000000,9731999744,2571749888,"Eaton Corporation, PLC",2.7107
EBAY,0,35650891776,18.596155,14.819924,1.261,4.16,Internet Retail,Consumer Cyclical,11500,United States,2516000000,7177999872,10311999488,7408999936,3065374976,eBay Inc.,1.9599
ECL,0,74906968064,35.946938,35.228,1.044,7.35,Specialty Chemicals,Basic Materials,48000,United States,3648699904,7000000000,15684500480,6861199872,1633100032,Ecolab Inc.,3.709
EIX,0,18591797248,6.8345118,8.477193,0.783,7.07,Utilities - Regulated Electric,Utilities,14013,United States,6406000128,39559999488,17332000768,9178000384,-1136125056,Edison International,0.5289
EW,0,44082991104,31.053719,30.67347,1.123,2.42,Medical Devices,Healthcare,15800,United States,1686000000,699400000,5522299904,4390099968,1447462528,Edwards Lifesciences Corporatio,4.1904
EA,0,37233733632,34.93647,17.4068,0.711,4.25,Electronic Gaming & Multimedia,Communication Services,14500,United States,1938000000,2217999872,7463000064,5920000000,1655750016,Electronic Arts Inc.,1.3854
ELV,0,86883303424,14.968859,11.002861,0.617,25.69,Healthcare Plans,Healthcare,104200,United States,9834999808,30002999296,183124000768,50790998016,7437749760,"Elevance Health, Inc.",0.6945
EMR,0,70616244224,36.283237,19.863924,1.268,3.46,Specialty Industrial Machinery,Industrials,73000,United States,4853000192,15000000512,17607000064,9290999808,3432624896,Emerson Electric Company,1.5694
ENPH,0,5983038976,41.834858,12.459016,1.701,1.09,Solar,Technology,2781,United States,225983008,1234605056,1423128064,524371008,358479744,"Enphase Energy, Inc.",0.5495
ETR,0,36630712320,26.559872,10.603359,0.583,3.09,Utilities - Regulated Electric,Utilities,12000,United States,5390584832,30924976128,11931898880,5964610048,-2324900864,Entergy Corporation,1.4868
EOG,0,68376195072,11.599999,11.327305,0.761,10.8,Oil & Gas E&P,Energy,3150,United States,12144000000,5062000128,23478999040,14515000320,4095249920,"EOG Resources, Inc.",
EPAM,0,9673448448,23.881119,15.259161,1.718,7.15,Information Technology Services,Technology,61200,United States,690411008,158142000,4864166912,1471296000,566563904,"EPAM Systems, Inc.",1.9631
EQT,0,34025900032,93.18033,22.555555,0.655,0.61,Oil & Gas E&P,Energy,,United States,2947750912,8392782848,6155850752,4211763968,1317945600,EQT Corporation,0.5543
EFX,0,32824555520,54.04704,28.08608,1.629,4.89,Consulting Services,Industrials,15000,United States,1778300032,4964100096,5733700096,3236000000,783900032,"Equifax, Inc.",1.3569
EQIX,0,87317151744,93.47015,66.7145,0.957,9.55,REIT - Specialty,Real Estate,13606,United States,3664999936,19650000896,8814000128,4353999872,3243500032,"Equinix, Inc.",3.6555
EQR,0,26973958144,26.290077,40.757393,0.919,2.62,REIT - Residential,Real Estate,2500,United States,1840765952,8151031808,3010099968,1903009024,1447674240,Equity Residential,
ERIE,0,18654945280,30.388416,26.623882,0.357,11.74,Insurance Brokers,Financial Services,6715,United States,778619776,12706000,3903813120,689019008,362523872,Erie Indemnity Company,
ESS,0,19641847808,27.247128,47.25249,0.802,10.44,REIT - Residential,Real Estate,1712,United States,1182027008,6844401152,1861154048,1280050048,794400128,"Essex Property Trust, Inc.",7.4146
EL,0,24214906880,,24.929628,1.117,-2.42,Household & Personal Products,Consumer Defensive,44020,United States,2151000064,9381999616,14785999872,10931000320,1570625024,"Estee Lauder Companies, Inc. (T",1.278
EG,0,14232535040,16.890965,5.034,0.519,19.81,Insurance - Reinsurance,Financial Services,3037,Bermuda,,3587000064,17401999360,1147000064,4593375232,"Everest Group, Ltd.",
EVRG,0,15642737664,17.890789,16.82797,0.472,3.8,Utilities - Regulated Electric,Utilities,4731,United States,2667300096,14401999872,5890800128,3075000064,-467612512,"Evergy, Inc.",2.7888
ES,0,23957174272,28.600878,13.642259,0.648,2.28,Utilities - Regulated Electric,Utilities,10000,United States,4379497984,29434765312,12686588928,6808716800,-845830272,Eversource Energy (D/B/A),0.9805
EXC,0,43662602240,16.078066,16.444866,0.476,2.69,Utilities - Regulated Electric,Utilities,20000,United States,7647000064,48274001920,23698999296,9888000000,-1935000064,Exelon Corporation,2.0896
EXE,0,27715035136,,27.466982,0.476,-5.81,Oil & Gas E&P,Energy,1500,United States,1226000000,5313999872,6568000000,2716999936,1787374976,Expand Energy Corporation,0.4012
EXPE,0,21055051776,19.764917,11.534123,1.596,8.38,Travel Services,Consumer Cyclical,16500,United States,1838000000,6466999808,13790000128,12348000256,1859500032,"Expedia Group, Inc.",0.7312
EXPD,0,15647678464,18.980066,21.237919,1.068,6.02,Integrated Freight & Logistics,Industrials,19203,United States,1152937984,588358016,11060255744,1478610048,599665152,Expeditors International of Was,4.1247
EXR,0,33146124288,34.871796,31.297071,1.131,4.29,REIT - Industrial,Real Estate,8012,United States,2265201920,13248731136,3363286016,2553349120,781681728,Extra Space Storage Inc,3.7833
XOM,0,483196862464,14.889774,14.246507,0.463,7.53,Oil & Gas Integrated,Energy,61000,United States,64872001536,37551001600,341088010240,105007996928,21801000960,Exxon Mobil Corporation,5.8305
FFIV,0,16460470272,27.244293,18.611038,1.009,10.52,Software - Infrastructure,Technology,6114,United States,824352000,266818000,2939781120,2378167040,746167488,"F5, Inc.",1.2894
FDS,0,15933986816,29.84364,22.478586,0.852,14.07,Financial Data & Stock Exchanges,Financial Services,12598,United States,852484992,1663140992,2254222080,1220657024,514323008,FactSet Research Systems Inc.,2.1471
FICO,0,43439464448,76.92111,48.011032,1.29,23.2,Software - Application,Technology,3718,United States,827203968,2548995072,1840360960,1487586944,553474496,Fair Isaac Corporation,1.3773
FAST,0,48379105280,42.17,19.255707,0.968,1.0,Industrial Distribution,Industrials,21339,United States,1690899968,495800000,7610299904,3424199936,683987520,Fastenal Company,3.8512
FRT,0,8277642752,27.382183,31.03909,1.122,3.48,REIT - Retail,Real Estate,304,United States,761038016,4600334848,1223587968,830673024,390635872,Federal Realty Investment Trust,3.6053
FDX,0,53761224704,14.120831,9.862858,1.362,15.89,Integrated Freight & Logistics,Industrials,306000,United States,10992000000,,87814995968,23871000576,4111624960,FedEx Corporation,0.9295
FIS,0,41690091520,50.541397,13.896672,1.077,1.57,Information Technology Services,Technology,50000,United States,2700999936,12087000064,10190999552,3774000128,1938875008,Fidelity National Information S,0.6958
FITB,0,25351344128,12.057142,10.405479,0.918,3.15,Banks - Regional,Financial Services,18786,United States,,22708000768,7906999808,7906999808,,Fifth Third Bancorp,2.4641
FSLR,0,18789148672,14.885301,8.3988495,1.527,11.77,Solar,Technology,8100,United States,1831742976,630392000,4256749056,1856263936,-820771968,"First Solar, Inc.",0.422
FE,0,23282470912,21.457447,13.958477,0.382,1.88,Utilities - Regulated Electric,Utilities,12294,United States,4570999808,24785999872,13763999744,9555000320,-1061875008,FirstEnergy Corp.,1.2265
FI,0,90383826944,28.802122,15.998038,0.911,5.66,Information Technology Services,Technology,38000,United States,9162000384,28415000576,20703000576,12622000128,4073125120,"Fiserv, Inc.",0.752
F,0,41475416064,8.344,5.96,1.509,1.25,Auto Manufacturers,Consumer Cyclical,170000,United States,10131000320,157782999040,182873997312,14753000448,1385500032,Ford Motor Company,3.8544
FTNT,0,77176897536,41.493828,41.838173,1.072,2.43,Software - Infrastructure,Technology,14556,United States,2056199936,1076499968,6142199808,4996199936,1964999936,"Fortinet, Inc.",2.8153
FTV,0,23598006272,30.451756,16.64988,1.156,2.28,Scientific & Technical Instruments,Technology,18000,United States,1679399936,4029400064,6181499904,3707699968,1302475008,Fortive Corporation,1.0131
FOXA,0,23105812480,13.289604,14.394101,0.527,4.04,Entertainment,Communication Services,10200,United States,3422000128,8106999808,16104999936,5561999872,2049874944,Fox Corporation,5.8774
FOX,0,23105775616,12.2029705,20.978724,0.527,4.04,Entertainment,Communication Services,10200,United States,3422000128,8106999808,16104999936,5561999872,2049874944,Fox Corporation,5.3968
BEN,0,11650800640,32.130436,8.526923,1.458,0.69,Asset Management,Financial Services,10000,United States,1667100032,3660499968,8697100288,3294799872,-97662496,"Franklin Resources, Inc.",0.4514
FCX,0,58798022656,33.557377,18.953703,1.632,1.22,Copper,Basic Materials,28500,United States,9075999744,9404000256,24861999104,9562000384,1922749952,"Freeport-McMoRan, Inc.",4.6544
GRMN,0,38762352640,26.524374,26.986595,0.988,7.59,Scientific & Technical Instruments,Technology,21800,Switzerland,1809616000,178435008,6450353152,3778960896,901582016,Garmin Ltd.,2.6955
IT,0,31169284096,25.247505,30.702806,1.233,16.04,Information Technology Services,Technology,21107,United States,1313431040,2883974912,6328614912,4290003968,1007795904,"Gartner, Inc.",
GE,0,252307881984,37.31861,45.152676,1.389,6.34,Aerospace & Defense,Industrials,53000,United States,9761000448,20714000384,39680999424,12650999808,2622874880,GE Aerospace,8.7426
GEHC,0,33082189824,15.178571,15.471092,1.291,4.76,Health Information Services,Healthcare,53000,United States,3656000000,9184000000,19798999040,8316000256,1576875008,GE HealthCare Technologies Inc.,2.4152
GEV,0,130585755648,68.940926,69.34058,,6.94,Specialty Industrial Machinery,Industrials,76800,United States,2408999936,1013000000,35706998784,6610999808,4210374912,GE Vernova Inc.,3.19
GEN,0,18470451200,28.912622,12.155102,1.011,1.03,Software - Infrastructure,Technology,3500,United States,1878000000,8314999808,3935000064,3159000064,1312499968,Gen Digital Inc.,0.8615
GNRC,0,7368657408,21.804197,15.19123,1.698,5.72,Specialty Industrial Machinery,Industrials,5389,United States,729518016,1420365952,4348682240,1721233024,488257120,Generac Holdlings Inc.,1.3228
GD,0,75956068352,19.652779,17.599503,0.467,14.4,Aerospace & Defense,Industrials,110000,United States,5907999744,11507000320,49208000512,7593999872,2482249984,General Dynamics Corporation,2.1262
GIS,0,29329512448,11.771428,11.395745,0.017,4.55,Packaged Foods,Consumer Defensive,34000,United States,4205700096,14187299840,19644299264,6949700096,1192574976,"General Mills, Inc.",3.4881
GM,0,46773813248,6.794693,4.602649,1.344,7.16,Auto Manufacturers,Consumer Cyclical,162000,United States,18460999680,134162997248,188447997952,22555000832,1306000000,General Motors Company,1.5166
GPC,0,16610386944,19.651888,14.129869,0.774,6.09,Auto Parts,Consumer Cyclical,63000,United States,1902893056,6102282240,23569006592,8630130688,-12288375,Genuine Parts Company,1.5045
GILD,0,136807424000,23.105042,14.802155,0.311,4.76,Drug Manufacturers - General,Healthcare,17600,United States,13724000256,24952000512,28735000576,22496000000,9989000192,"Gilead Sciences, Inc.",0.2297
GPN,0,18198325248,12.074434,5.8296876,0.936,6.18,Specialty Business Services,Industrials,27000,United States,4423721984,16940187648,10097805312,6348184064,3779338752,Global Payments Inc.,0.5681
GL,0,9887813632,9.754887,8.8405905,0.564,12.28,Insurance - Life,Financial Services,3732,United States,1517460992,3168836096,5842352128,1911633024,1351823232,Globe Life Inc.,
GDDY,0,25040842752,33.796158,26.190762,1.075,5.2,Software - Infrastructure,Technology,5518,United States,1113699968,3885700096,4658999808,2980999936,958425024,GoDaddy Inc.,2.8465
GS,0,188259221504,14.245182,14.762752,1.314,43.07,Capital Markets,Financial Services,46600,United States,,739638968320,53043998720,43939999744,,"Goldman Sachs Group, Inc. (The)",2.7702
HAL,0,19936790528,9.702929,7.1353846,1.141,2.39,Oil & Gas Equipment & Services,Energy,48000,United States,4727000064,8574000128,22556999680,4097999872,1766875008,Halliburton Company,12.9106
HIG,0,35578220544,12.485544,10.786391,0.706,10.03,Insurance - Property & Casualty,Financial Services,19100,United States,4153999872,4366000128,26946000896,9338999808,5297249792,"The Hartford Insurance Group, I",
HAS,0,9502146560,22.379538,15.306998,0.556,3.03,Leisure,Consumer Cyclical,4985,United States,1012400000,3360300032,4265299968,2746599936,522600000,"Hasbro, Inc.",1.7452
HCA,0,89296257024,16.474922,15.119349,1.504,22.53,Medical Care Facilities,Healthcare,226000,United States,14218999808,46435999744,71584997376,29276999680,3314249984,"HCA Healthcare, Inc.",1.2265
DOC,0,12074441728,42.390244,69.52,1.013,0.41,REIT - Healthcare Facilities,Real Estate,387,United States,1608579968,9183536128,2796777984,1778455040,753127744,"Healthpeak Properties, Inc.",4.3493
HSIC,0,8774100992,21.866045,13.498078,0.867,3.21,Medical Distribution,Healthcare,25000,United States,1029000000,3224000000,12668999680,4004000000,548625024,"Henry Schein, Inc.",1.7187
HSY,0,34264387584,20.801968,20.133333,0.283,8.13,Confectioners,Consumer Defensive,18540,United States,2778831872,6290816000,10754932736,4577278976,1252741120,The Hershey Company,46.5895
HES,0,43996893184,19.730928,18.71842,0.626,7.21,Oil & Gas E&P,Energy,1797,United States,6723999744,9498000384,12270000128,9694000128,717249984,Hess Corporation,3.5526
HPE,0,23160682496,16.971153,8.404762,1.329,1.04,Communication Equipment,Technology,61000,United States,4797000192,17557999616,31648999424,9601000448,81000000,Hewlett Packard Enterprise Comp,10.7872
HLT,0,57970278400,38.466877,30.523155,1.25,6.34,Lodging,Consumer Cyclical,181000,United States,2516000000,11879999488,4759000064,3640999936,1668749952,Hilton Worldwide Holdings Inc.,1.5064
HOLX,0,14429213696,27.205881,13.718221,0.548,2.38,Medical Instruments & Supplies,Healthcare,7063,United States,1252300032,2531000064,4026500096,2456699904,775875008,"Hologic, Inc.",1.2353
HD,0,352861159424,24.09375,22.734615,1.018,14.72,Home Improvement Retail,Consumer Cyclical,470000,United States,25497999360,61952000000,162952003584,54334001152,10957625344,"Home Depot, Inc. (The)",4.1522
HON,0,144276111360,25.78046,20.371479,1.069,8.7,Conglomerates,Industrials,102000,United States,9765999616,33991000064,39215001600,14924999680,4354625024,Honeywell International Inc.,2.2291
HRL,0,16815788032,22.485294,18.094673,0.336,1.36,Packaged Foods,Consumer Defensive,20000,United States,1306600960,2857946112,11924157440,1974364032,449302016,Hormel Foods Corporation,3.2476
HST,0,10701365248,15.854167,15.6907215,1.351,0.96,REIT - Hotel & Motel,Real Estate,165,United States,1572999936,5644000256,5816000000,1694000000,1235250048,"Host Hotels & Resorts, Inc.",2.1468
HWM,0,69108981760,55.947712,54.006306,1.432,3.06,Aerospace & Defense,Industrials,23930,United States,2008000000,3483000064,7548000256,2411000064,790124992,Howmet Aerospace Inc.,
HPQ,0,22392268800,9.169231,6.6222224,1.313,2.6,Computer Hardware,Technology,58000,United States,4682999808,11916000256,54298001408,11486000128,2612624896,HP Inc.,1.5644
HUBB,0,20389935104,25.847767,21.559256,0.983,14.78,Electrical Equipment & Parts,Industrials,17700,United States,1305600000,2010499968,5594599936,1914099968,640574976,Hubbell Inc,2.2423
HUM,0,28394233856,16.614407,13.970308,0.435,14.16,Healthcare Plans,Healthcare,65680,United States,4096999936,13733999616,120262000640,18186999808,-2093124992,Humana Inc.,0.7559
HBAN,0,22595123200,11.93077,11.574627,0.945,1.3,Banks - Regional,Financial Services,20092,United States,,19239000064,7104000000,7104000000,,Huntington Bancshares Incorpora,2.2291
HII,0,9132115968,16.779379,14.842474,0.282,13.87,Aerospace & Defense,Industrials,44000,United States,1000000000,3406000128,11463999488,1468999936,-86875000,"Huntington Ingalls Industries, ",0.9903
IBM,0,257647427584,47.388035,26.128181,0.652,5.85,Information Technology Services,Technology,270300,United States,13950000128,66835001344,62832001024,35840000000,10564249600,International Business Machines,2.0555
IEX,0,13433340928,28.270271,20.870892,1.056,6.29,Specialty Industrial Machinery,Industrials,9000,United States,884700032,1966400000,3282599936,1463800064,479100000,IDEX Corporation,1.7449
IDXX,0,42036531200,48.30869,43.704014,1.548,10.82,Diagnostics & Research,Healthcare,11000,United States,1341507968,1059358976,3931835904,2409235968,761150144,"IDEXX Laboratories, Inc.",4.3162
ITW,0,70842023936,21.27577,22.568224,1.119,11.35,Specialty Industrial Machinery,Industrials,44000,United States,4519000064,8263000064,15763999744,6889999872,2692375040,Illinois Tool Works Inc.,3.5195
INCY,0,13114368000,338.75,11.034203,0.676,0.2,Biotechnology,Healthcare,2617,United States,303279008,43119000,4413225984,1635259008,618045760,Incyte Corporation,0.1218
IR,0,32478771200,39.851486,22.740112,1.444,2.02,Specialty Industrial Machinery,Industrials,21000,United States,1947399936,4865999872,7281699840,3189199872,1108525056,Ingersoll Rand Inc.,1.2227
PODD,0,21438304256,54.987366,78.71577,1.377,5.54,Medical Devices,Healthcare,3900,United States,424500000,1748600064,2198899968,1547900032,84250000,Insulet Corporation,7.6925
INTC,0,87850672128,,20.762886,1.113,-4.48,Semiconductors,Technology,108900,United States,8114999808,50150998016,53043998720,17568999424,-7000750080,Intel Corporation,
ICE,0,102357819392,36.867767,26.47478,1.129,4.84,Financial Data & Stock Exchanges,Financial Services,12842,United States,5800000000,20621000704,9461999616,9461999616,2783000064,Intercontinental Exchange Inc.,2.9372
IFF,0,19463059456,,16.505423,1.076,-3.26,Specialty Chemicals,Basic Materials,22400,United States,1763000064,9911000064,11427999744,4135000064,-1259374976,International Flavors & Fragran,0.9504
IP,0,24225423360,39.22222,15.296666,0.994,1.17,Packaging & Containers,Consumer Cyclical,65000,United States,1959000064,10328000512,19900999680,5778999808,485624992,International Paper Company,0.9204
IPG,0,8503905280,17.557253,8.363636,1.049,1.31,Advertising Agencies,Communication Services,51500,United States,1664800000,4205799936,9000999936,2029799936,1069362496,"Interpublic Group of Companies,",0.8188
INTU,0,210320457728,61.751022,33.91723,1.283,12.21,Software - Application,Technology,18800,United States,5330999808,,18183999488,14595000320,5197749760,Intuit Inc.,1.9574
ISRG,0,183574528000,75.209984,65.16285,1.676,6.81,Medical Instruments & Supplies,Healthcare,15638,United States,2966099968,0,8714900480,5846499840,1659849984,"Intuitive Surgical, Inc.",3.6149
IVZ,0,6502988800,11.624,7.6878304,1.435,1.25,Asset Management,Financial Services,8495,United States,1272400000,964800000,6120900096,1761200000,10569037824,Invesco Ltd,0.4332
INVH,0,20558309376,43.000004,45.324326,0.817,0.78,REIT - Residential,Real Estate,1750,United States,1439789952,8135558144,2618856960,1533539968,977758976,Invitation Homes Inc.,13.0537
IQV,0,27141969920,21.40382,12.998343,1.286,7.33,Diagnostics & Research,Healthcare,89000,United States,2926000128,14538000384,15496999936,5379999744,2157750016,"IQVIA Holdings, Inc.",0.9699
IRM,0,29973518336,247.78049,51.83163,1.111,0.41,REIT - Specialty,Real Estate,28850,United States,2090653952,17479235584,6265574912,3512077056,-776869888,Iron Mountain Incorporated (Del,
JBHT,0,13872365568,25.381124,19.477716,1.296,5.51,Integrated Freight & Logistics,Industrials,33646,United States,1573156992,1920166016,12064594944,2271185920,337648992,"J.B. Hunt Transport Services, I",1.836
JBL,0,18875543552,39.514606,17.566433,1.139,4.45,Electronic Components,Technology,138000,United States,1986000000,3292999936,27451000832,2452999936,1571374976,Jabil Inc.,
JKHY,0,13041345536,30.511074,28.338608,0.732,5.87,Information Technology Services,Technology,7200,United States,604636992,223444992,2319827968,975688000,230522256,"Jack Henry & Associates, Inc.",4.84
J,0,15126438912,41.547855,18.930826,0.76,3.03,Engineering & Construction,Industrials,45000,United States,1310900992,3115205120,11686905856,2924966912,1289841024,Jacobs Solutions Inc.,1.6373
JNJ,0,377993625600,17.474974,14.820755,0.41,8.99,Drug Manufacturers - General,Healthcare,138100,United States,30025000960,52252000256,89330999296,61549998080,16797124608,Johnson & Johnson,1.0683
JCI,0,67101052928,30.806648,24.336515,1.339,3.31,Building Products & Equipment,Industrials,94000,Ireland,4113999872,11205000192,23247998976,8371999744,2593499904,Johnson Controls International ,1.4306
JPM,0,736319897600,13.006873,15.82736,1.084,20.37,Banks - Diversified,Financial Services,318477,United States,,1076282982400,168713994240,168713994240,,JP Morgan Chase & Co.,7.1978
JNPR,0,11960880128,34.06667,18.065657,0.773,1.05,Communication Equipment,Technology,11271,United States,604400000,1963500032,5204899840,3055300096,733287488,"Juniper Networks, Inc.",
K,0,27713486848,20.120907,66.56666,0.305,3.97,Packaged Foods,Consumer Defensive,24000,United States,2372999936,6259999744,12632000512,4631000064,722124992,Kellanova,3.5075
KVUE,0,41182072832,38.303574,17.581968,0.925,0.56,Household & Personal Products,Consumer Defensive,22000,United States,3508999936,8851000320,15301999616,8912000000,1793374976,Kenvue Inc.,0.9991
KDP,0,44847431680,30.01818,16.107317,0.496,1.1,Beverages - Non-Alcoholic,Consumer Defensive,29000,United States,4167000064,18681999360,15518000128,8574000128,1535000064,Keurig Dr Pepper Inc.,1.0141
KEY,0,17151460352,,10.032051,1.074,-0.19,Banks - Regional,Financial Services,16989,United States,,15516999680,4464000000,4464000000,,KeyCorp,
KEYS,0,27225921536,37.1338,22.69584,1.098,4.26,Scientific & Technical Instruments,Technology,15400,United States,1154000000,2764999936,5107999744,3160999936,976499968,Keysight Technologies Inc.,1.0447
KMB,0,43414802432,17.825613,17.148098,0.398,7.34,Household & Personal Products,Consumer Defensive,38000,United States,3860000000,7283999744,19748999168,7199000064,2051624960,Kimberly-Clark Corporation,5.7657
KIM,0,14091411456,27.407894,29.757143,1.281,0.76,REIT - Retail,Real Estate,717,United States,1256643968,8143657984,2069884032,1421996032,797736128,Kimco Realty Corporation (HC),3.2727
KMI,0,61437358080,23.827587,21.936508,0.749,1.16,Oil & Gas Midstream,Energy,10933,United States,6575000064,33200001024,15498999808,7790000128,257875008,"Kinder Morgan, Inc.",2.295
KKR,0,112255729664,52.297417,19.988468,1.884,2.32,Asset Management,Financial Services,4834,United States,,51460583424,20308705280,12292313088,,KKR & Co. Inc.,1.2277
KLAC,0,114741542912,31.540167,26.437233,1.386,27.51,Semiconductor Equipment & Materials,Technology,15000,United States,5036264960,6089172992,11550155776,6995023872,2567814400,KLA Corporation,1.6301
KHC,0,30866722816,11.908675,8.495114,0.231,2.19,Packaged Foods,Consumer Defensive,36000,United States,6368999936,21603000320,25433999360,8794000384,2305625088,The Kraft Heinz Company,0.9608
KR,0,43653320704,17.86376,14.31441,0.574,3.67,Grocery Stores,Consumer Defensive,409000,United States,7923999744,21152999424,147122995200,34574000128,2096375040,Kroger Company (The),1.5874
LHX,0,48043249664,30.48517,17.858929,0.752,8.43,Aerospace & Defense,Industrials,47000,United States,3967000064,12252000256,21245999104,5526000128,3564999936,"L3Harris Technologies, Inc.",0.3806
LH,0,21855744000,30.117647,16.299625,0.794,8.67,Diagnostics & Research,Healthcare,60900,United States,1717299968,6584600064,13177400320,3675099904,967924992,Labcorp Holdings Inc.,0.9872
LRCX,0,114506817536,24.935932,20.96487,1.656,3.59,Semiconductor Equipment & Materials,Technology,18600,United States,5667103232,4484340224,17135705088,8234723840,2826895104,Lam Research Corporation,1.3283
LW,0,7733156864,21.490196,11.004016,0.474,2.55,Packaged Foods,Consumer Defensive,10700,United States,1227500032,4268800000,6387400192,1520400000,15387500,"Lamb Weston Holdings, Inc.",2.1382
LVS,0,28498307072,22.530727,14.665455,1.022,1.79,Resorts & Casinos,Consumer Cyclical,39900,United States,3688999936,13850999808,11201000448,8849999872,1662249984,Las Vegas Sands Corp.,1.0305
LDOS,0,19199725568,15.03629,14.2736845,0.646,9.92,Information Technology Services,Technology,47000,United States,2220000000,5736000000,16931999744,2916999936,921625024,"Leidos Holdings, Inc.",
LEN,0,28504694784,7.927737,6.729244,1.354,13.7,Residential Construction,Consumer Cyclical,13265,United States,4984000000,3864478976,35760066560,7812855808,9169408000,Lennar Corporation,1.5696
LII,0,19094016000,23.979055,23.034676,1.145,22.44,Building Products & Equipment,Industrials,14200,United States,1119200000,1489799936,5366799872,1760400000,589800000,"Lennox International, Inc.",2.0223
LLY,0,735568986112,66.66884,36.15887,0.394,12.29,Drug Manufacturers - General,Healthcare,47000,United States,22003300352,38604300288,49003200512,40034201600,-1821975040,Eli Lilly and Company,1.2565
LIN,0,219347976192,33.791153,27.491446,0.979,13.79,Specialty Chemicals,Basic Materials,65069,United Kingdom,12823000064,23896999936,33016999936,15932999680,3411000064,Linde plc,2.5799
LYV,0,32023937024,46.679054,57.09504,1.45,2.96,Entertainment,Communication Services,16200,United States,1968067968,8294375936,22738212864,5806461952,1639135232,"Live Nation Entertainment, Inc.",4.7228
LKQ,0,9840601088,14.171003,10.530387,0.979,2.69,Auto Parts,Consumer Cyclical,47000,United States,1724000000,5846000128,14115000320,5543000064,510249984,LKQ Corporation,1.0314
LMT,0,113973288960,20.967672,17.30523,0.293,23.2,Aerospace & Defense,Industrials,121000,United States,8689000448,20303998976,71810998272,7346999808,5291125248,Lockheed Martin Corporation,1.7655
L,0,18591735808,14.534427,30.572414,0.706,6.1,Insurance - Property & Casualty,Financial Services,13000,United States,2758000128,8945999872,17773000704,6451999744,3020999936,Loews Corporation,
LOW,0,121766371328,17.985928,17.202692,0.922,12.08,Home Improvement Retail,Consumer Cyclical,300000,United States,12476999680,38994001920,83240001536,27772999680,5662374912,"Lowe's Companies, Inc.",2.1817
LULU,0,28657571840,16.254929,16.015406,1.262,14.71,Apparel Retail,Consumer Cyclical,39000,Canada,2976974080,1706781952,10749894656,6378869248,1183213952,lululemon athletica inc.,1.0156
LYB,0,19316140032,20.795847,6.9802556,0.842,2.89,Specialty Chemicals,Basic Materials,20000,United States,3550000128,12814000128,39674998784,4008999936,1453374976,LyondellBasell Industries NV,0.8368
MTB,0,28576663552,11.916332,10.935503,0.61,14.94,Banks - Regional,Financial Services,22291,United States,,12700999680,8785000448,8785000448,,M&T Bank Corporation,27.8642
MPC,0,51043606528,22.885674,16.289215,0.868,7.26,Oil & Gas Refining & Marketing,Energy,18300,United States,7942000128,32137000960,137968992256,11962000384,2657750016,Marathon Petroleum Corporation,2.8253
MKTX,0,8447258112,39.038128,27.36938,0.842,5.77,Capital Markets,Financial Services,891,United States,410612000,70861000,815355008,506049984,503360736,"MarketAxess Holdings, Inc.",3.0841
MAR,0,69840740352,28.976137,24.05566,1.422,8.8,Lodging,Consumer Cyclical,418000,United States,4337999872,15850999808,6681999872,5472000000,1812999936,Marriott International,1.5065
MMC,0,107109212160,26.672394,23.051962,0.827,8.15,Insurance Brokers,Financial Services,90000,United States,7417999872,22418999296,25045999616,11100000256,4121999872,"Marsh & McLennan Companies, Inc",2.3344
MLM,0,32703019008,31.158527,26.03023,0.886,17.41,Building Materials,Basic Materials,9400,United States,2168999936,5807000064,6638000128,1960999936,291875008,"Martin Marietta Materials, Inc.",
MAS,0,13053090816,16.907104,14.0,1.193,3.66,Building Products & Equipment,Industrials,18000,United States,1487000064,3305999872,7703000064,2799000064,734000000,Masco Corporation,1.7392
MA,0,510369333248,39.357845,34.31197,1.052,14.28,Credit Services,Financial Services,35300,United States,17977999360,18801999872,29069000704,29069000704,14451000320,Mastercard Incorporated,2.2544
MTCH,0,7405794816,14.950496,12.17742,1.364,2.02,Internet Content & Information,Communication Services,2500,United States,974160000,3511336960,3450904064,2481780992,691691648,"Match Group, Inc.",0.3929
MKC,0,19835199488,25.520689,23.721155,0.679,2.9,Packaged Foods,Consumer Defensive,14100,United States,1260499968,4307700224,6726499840,2595699968,535049984,"McCormick & Company, Incorporat",3.5855
MCD,0,215875616768,26.670496,23.94211,0.556,11.32,Restaurants,Consumer Cyclical,150000,United States,13895999488,52794998784,25706999808,14608000000,5306375168,McDonald's Corporation,2.6869
MCK,0,91024998400,28.32361,19.782667,0.488,25.71,Medical Distribution,Healthcare,43000,United States,5416000000,7414000128,359051001856,12821000192,4733250048,McKesson Corporation,1.1558
MDT,0,111874023424,24.174515,14.917949,0.815,3.61,Medical Devices,Healthcare,95000,Ireland,9560000512,28515999744,33536999424,21969000448,4734249984,Medtronic plc.,2.5022
MRK,0,205176258560,11.876453,8.6925535,0.441,6.88,Drug Manufacturers - General,Healthcare,73000,United States,28795000832,34844000256,63921999872,49265000448,17124249600,"Merck & Company, Inc.",0.7492
META,0,1716960624640,26.664192,26.99091,1.266,25.61,Internet Content & Information,Communication Services,76834,United States,87979999232,49519001600,170359996416,139297996800,36658999296,"Meta Platforms, Inc.",2.2475
MET,0,51924897792,12.638889,7.982456,0.839,6.12,Insurance - Life,Financial Services,45000,United States,7554999808,47948001280,73494003712,18961000448,1656249984,"MetLife, Inc.",1.0698
MTD,0,24012863488,28.820654,27.122538,1.387,40.09,Diagnostics & Research,Healthcare,16000,United States,1183522944,2074094976,3830156032,2303329024,743663872,"Mettler-Toledo International, I",3.4135
MGM,0,8635287552,14.165178,13.795652,1.767,2.24,Resorts & Casinos,Consumer Cyclical,60000,United States,2446169088,31872178176,17134156800,7781541888,556492032,MGM Resorts International,1.7838
MCHP,0,35454697472,,25.280771,1.463,-0.01,Semiconductors,Technology,19400,United States,1125600000,5781199872,4401600000,2467899904,1055487488,Microchip Technology Incorporat,
MU,0,129191092224,27.655502,8.982129,1.281,4.18,Semiconductors,Technology,48000,United States,14104000512,15022999552,31323000832,10880000000,-607249984,"Micron Technology, Inc.",0.1579
MSFT,0,3530159292416,36.76161,31.7699,1.026,12.92,Software - Infrastructure,Technology,228000,United States,149172994048,105018998784,270010007552,186509000704,54817001472,Microsoft Corporation,2.2277
MAA,0,17999683584,31.153849,36.108433,0.778,4.81,REIT - Residential,Real Estate,2532,United States,1246050048,5067837952,2196687872,1300422016,990585280,Mid-America Apartment Communiti,
MRNA,0,10314409984,,-3.0655174,1.859,-8.73,Biotechnology,Healthcare,5800,United States,-3536999936,745000000,3176999936,-2616999936,-3197499904,"Moderna, Inc.",
MHK,0,6341880320,13.258823,9.096861,1.189,7.65,"Furnishings, Fixtures & Appliances",Consumer Cyclical,41900,United States,1408199936,2788199936,10683299840,2720900096,669262528,"Mohawk Industries, Inc.",
MOH,0,16159188992,14.409861,11.596267,0.57,20.69,Healthcare Plans,Healthcare,18000,United States,1836999936,3766000128,40289001472,4796000256,585374976,Molina Healthcare Inc,
TAP,0,10237240320,10.179075,8.531198,0.728,4.97,Beverages - Brewers,Consumer Defensive,16800,United States,2403200000,6600099840,11334700032,4420800000,671500032,Molson Coors Beverage Company,20.0087
MDLZ,0,86662299648,24.88104,19.513119,0.499,2.69,Confectioners,Consumer Defensive,90000,United States,5633999872,20155000832,36464001024,11937000448,3596750080,"Mondelez International, Inc.",5.4461
MPWR,0,32223719424,17.95172,39.174038,1.192,37.49,Semiconductors,Technology,4017,United States,652257984,17751000,2386768896,1321659008,443831744,"Monolithic Power Systems, Inc.",
MNST,0,61499015168,41.486843,33.721928,0.605,1.52,Beverages - Non-Alcoholic,Consumer Defensive,5527,United States,2172233984,260636992,7448168960,4069711104,1444561536,Monster Beverage Corporation,2.0751
MCO,0,84909146112,40.82007,35.426426,1.384,11.56,Financial Data & Stock Exchanges,Financial Services,15795,United States,3320000000,7267999744,7225999872,5256999936,2182374912,Moody's Corporation,2.6127
MS,0,207743401984,15.18054,16.32913,1.291,8.53,Capital Markets,Financial Services,81000,United States,,449335984128,63958999040,55355998208,,Morgan Stanley,152.3412
MOS,0,11344180224,30.827585,14.536585,1.148,1.16,Agricultural Inputs,Basic Materials,13765,United States,1930700032,4823399936,11064299520,1601100032,502837504,Mosaic Company (The),1.2414
MSI,0,68118421504,34.008335,27.780804,0.967,12.0,Communication Equipment,Technology,21000,United States,3220999936,6525000192,10956000256,5633999872,1923000064,"Motorola Solutions, Inc.",1.6712
MSCI,0,41991835648,37.30103,31.85035,1.326,14.55,Financial Data & Stock Exchanges,Financial Services,6184,United States,1691549952,4691348992,2921989120,2399331072,1127484800,MSCI Inc.,2.6799
NDAQ,0,49139097600,38.728504,27.25796,1.013,2.21,Financial Data & Stock Exchanges,Financial Services,9377,United States,2736000000,9774000128,7816000000,4768999936,1834000000,"Nasdaq, Inc.",1.7285
NTAP,0,20134778880,17.723103,13.257256,1.414,5.67,Computer Hardware,Technology,11700,United States,1640000000,3491000064,6572000256,4613000192,1158625024,"NetApp, Inc.",1.4501
NFLX,0,515855908864,57.149933,50.973507,1.589,21.21,Entertainment,Communication Services,14000,United States,11453826048,17423486976,40173326336,18848788480,21784893440,"Netflix, Inc.",2.1588
NEM,0,64442699776,13.189067,15.117495,0.322,4.39,Gold,Basic Materials,22200,United States,9857000448,7985999872,19669000192,10382999552,7086374912,Newmont Corporation,
NWSA,0,16250243072,33.439026,25.867926,1.247,0.82,Entertainment,Communication Services,23900,United States,1383000064,2923000064,10268000256,5334000128,-670875008,News Corporation,2.856
NWS,0,16250241024,38.23171,32.07161,1.247,0.82,Entertainment,Communication Services,23900,United States,1383000064,2923000064,10268000256,5334000128,-670875008,News Corporation,3.2654
NEE,0,153944342528,28.00749,20.320652,0.674,2.67,Utilities - Regulated Electric,Utilities,16800,United States,13576999936,89677996032,25269000192,15374000128,-11337249792,"NextEra Energy, Inc.",2.83
NKE,0,89341673472,20.109634,18.739937,1.217,3.01,Footwear & Accessories,Consumer Cyclical,79400,United States,5782000128,11914999808,47817998336,20956000256,5077624832,"Nike, Inc.",6.5822
NI,0,18602182656,21.362162,21.247313,0.549,1.85,Utilities - Regulated Gas,Utilities,7687,United States,2582500096,14925400064,5932000256,3027399936,-601249984,NiSource Inc,2.4292
NDSN,0,12113248256,27.552698,20.59174,0.896,7.78,Specialty Industrial Machinery,Industrials,7800,United States,806468992,2323457024,2704443904,1481624960,304186752,Nordson Corporation,1.9655
NSC,0,56045379584,16.980875,18.306334,1.31,14.64,Railroads,Industrials,19600,United States,5993999872,17749000192,12112000000,5993999872,1379874944,Norfolk Southern Corporation,2.3336
NTRS,0,20961579008,10.060691,14.103403,1.235,10.71,Asset Management,Financial Services,23400,United States,,17899100160,8577099776,8577099776,,Northern Trust Corporation,67.1758
NOC,0,74370473984,20.407581,18.414825,0.144,25.32,Aerospace & Defense,Industrials,97000,United States,6341000192,18126000128,40368001024,7808999936,2911749888,Northrop Grumman Corporation,3.347
NCLH,0,7944228864,10.102273,8.507177,2.126,1.76,Travel Services,Consumer Cyclical,41700,United States,2427109888,14803527680,9415989248,3810778112,-750045888,Norwegian Cruise Line Holdings ,0.4482
NRG,0,29725339648,24.1717,22.03478,1.137,6.29,Utilities - Independent Power Producers,Utilities,15637,United States,3657999872,10988999680,29286000640,6287000064,2221499904,"NRG Energy, Inc.",1.3145
NUE,0,28133163008,21.502645,13.025641,1.747,5.67,Steel,Basic Materials,32700,United States,3532999936,7880000000,30427000832,3201999872,194282000,Nucor Corporation,
NVDA,0,3462307774464,45.944984,34.45874,2.122,3.09,Semiconductors,Technology,36000,United States,88247001088,10284999680,148514996224,104120000512,55443001344,NVIDIA Corporation,1.7603
NVR,0,21126631424,14.903205,13.947824,0.995,484.84,Residential Construction,Consumer Cyclical,7000,United States,2094114048,1067212992,10742590464,2685158912,1303018240,"NVR, Inc.",
NXPI,0,53279453184,22.998909,16.13619,1.39,9.17,Semiconductors,Technology,33100,Netherlands,4268000000,11724999680,12323000320,6925000192,1445624960,NXP Semiconductors N.V.,1.3969
ORLY,0,76858843136,33.05515,2.0006678,0.6,2.72,Auto Parts,Consumer Cyclical,93419,United States,3715109888,8103818752,16869163008,8641802240,1610164736,"O'Reilly Automotive, Inc.",2.1461
OXY,0,45712977920,18.805668,14.699367,0.853,2.47,Oil & Gas E&P,Energy,13323,United States,13674999808,25987000320,27552999424,17660000256,4067624960,Occidental Petroleum Corporatio,1.3821
ODFL,0,33850036224,30.052532,27.14915,1.272,5.33,Trucking,Industrials,21817,United States,1844806016,59990000,5729594880,2277443072,607407232,"Old Dominion Freight Line, Inc.",3.0199
OMC,0,13606547456,9.491803,8.041667,0.955,7.32,Advertising Agencies,Communication Services,74900,United States,2527500032,6928000000,15749000192,2937600000,1268012544,Omnicom Group Inc.,1.2949
ON,0,21320493056,35.430553,11.8101845,1.381,1.44,Semiconductors,Technology,26400,United States,2004300032,3652800000,6665299968,2656300032,1121924992,ON Semiconductor Corporation,2.2015
OKE,0,52312928256,16.357422,14.028476,0.931,5.12,Oil & Gas Midstream,Energy,5177,United States,6517000192,32039999488,24960000000,8890999808,1758000000,"ONEOK, Inc.",1.4547
ORCL,0,603526332416,49.475864,30.05866,1.324,4.35,Software - Infrastructure,Technology,,United States,24226000896,104104001536,57399001088,40471998464,2929250048,Oracle Corporation,2.2454
OTIS,0,37817950208,25.08377,22.868734,0.974,3.82,Specialty Industrial Machinery,Industrials,72000,United States,2520999936,8725000192,14174000128,4276999936,1348499968,Otis Worldwide Corporation,2.5833
PCAR,0,48233230336,13.942336,11.840205,0.954,6.59,Farm & Heavy Construction Machinery,Industrials,30100,United States,4819500032,15707899904,32361199616,5399000064,-49712500,PACCAR Inc.,2.2355
PKG,0,16966628352,19.723848,16.7758,0.862,9.56,Packaging & Containers,Consumer Cyclical,15400,United States,1766099968,2802500096,8544799744,1872400000,388112512,Packaging Corporation of Americ,2.3775
PLTR,0,324251615232,597.3913,292.34042,2.638,0.23,Software - Infrastructure,Technology,4001,United States,435340992,244596000,3115023872,2492320000,931205248,Palantir Technologies Inc.,4.3522
PANW,0,130872836096,112.15429,27.259724,0.973,1.75,Software - Infrastructure,Technology,15866,United States,1250200064,806000000,8874699776,6528399872,3175474944,"Palo Alto Networks, Inc.",2.4377
PARA,0,8446370816,,7.294479,1.207,-8.26,Entertainment,Communication Services,18600,United States,2617999872,15527000064,28720001024,9358000128,15053750272,Paramount Global,
PH,0,83578314752,25.18637,22.217731,1.339,25.97,Specialty Industrial Machinery,Industrials,61120,United States,5036259840,9372912640,19793741824,7254986752,2980823296,Parker-Hannifin Corporation,2.9242
PAYX,0,55188467712,31.854471,28.964083,0.911,4.81,Software - Application,Technology,16500,United States,2427800064,863699968,5439499776,3917799936,1158000000,"Paychex, Inc.",6.9092
PAYC,0,13724288000,34.85064,28.096329,0.818,7.03,Software - Application,Technology,7306,United States,486300000,81500000,1913799936,1643800064,296926496,"Paycom Software, Inc.",2.5061
PYPL,0,68884512768,15.916855,14.484663,1.449,4.45,Credit Services,Financial Services,24400,United States,6371999744,13376000000,31889000448,13201000448,1741874944,"PayPal Holdings, Inc.",0.9514
PNR,0,15896599552,24.96641,19.92165,1.101,3.87,Specialty Industrial Machinery,Industrials,9750,United Kingdom,1037200000,1953799936,4076000000,1616400000,658825024,Pentair plc.,1.6951
PEP,0,179405815808,19.242647,15.162226,0.466,6.8,Beverages - Non-Alcoholic,Consumer Defensive,319000,United States,17302999040,48518000640,91522998272,50404999168,7581499904,"Pepsico, Inc.",2.3226
PFE,0,139518984192,17.78261,8.375426,0.491,1.38,Drug Manufacturers - General,Healthcare,81000,United States,23320999936,62397001728,62464000000,46487998464,15049249792,"Pfizer, Inc.",0.6225
PCG,0,29976356864,12.5137615,9.216216,0.612,1.09,Utilities - Regulated Electric,Utilities,28410,United States,9368999936,59968000000,24540999680,9224999936,-5102249984,Pacific Gas & Electric Co.,0.7977
PM,0,286913331200,29.074133,25.601389,0.544,6.34,Tobacco,Consumer Defensive,83100,United States,16241000448,49633001472,38385999872,25212000256,8564250112,Philip Morris International Inc,1.354
PSX,0,49768427520,27.573364,12.871444,0.998,4.43,Oil & Gas Refining & Marketing,Energy,13200,United States,3279000064,18802999296,137772007424,12536000512,1671624960,Phillips 66,0.8596
PNW,0,10742328320,17.815842,19.22436,0.431,5.05,Utilities - Regulated Electric,Utilities,6400,United States,2023175040,12132355072,5205483008,2153022976,-359840736,Pinnacle West Capital Corporati,4.4402
PNC,0,68579450880,12.252296,11.5503,1.069,14.15,Banks - Regional,Financial Services,53686,United States,,63096999936,21009000448,21009000448,,"PNC Financial Services Group, I",1.7717
POOL,0,10861252608,27.025257,24.014963,1.123,10.69,Industrial Distribution,Industrials,6000,United States,631843968,1347078016,5261668864,1549155968,402759872,Pool Corporation,
PPG,0,24127444992,18.78092,12.011299,1.156,5.66,Specialty Chemicals,Basic Materials,46000,United States,2651000064,7872999936,15680000000,6537999872,1066750016,"PPG Industries, Inc.",0.7719
PPL,0,25053657088,25.291044,18.519125,0.668,1.34,Utilities - Regulated Electric,Utilities,6653,United States,3295000064,17344000000,8661999616,3662000128,-481124992,PPL Corporation,1.2985
PFG,0,17016097792,16.252676,8.992891,0.996,4.67,Asset Management,Financial Services,19700,United States,1622974976,4590400000,15770300416,6782400000,1386312448,Principal Financial Group Inc,
PG,0,375782866944,25.441269,21.601078,0.427,6.3,Household & Personal Products,Consumer Defensive,108000,United States,24187000832,34140999680,83926999040,43384999936,12618874880,Procter & Gamble Company (The),3.8809
PGR,0,157020094464,18.049192,19.40942,0.4,14.84,Insurance - Property & Casualty,Financial Services,66308,United States,11571999744,6894000128,78507999232,11758999552,13350724608,Progressive Corporation (The),6.9212
PLD,0,99547897856,26.753115,30.477272,1.268,4.01,REIT - Industrial,Real Estate,2703,United States,6193812992,32895868928,8733704192,6660436992,4307161088,"Prologis, Inc.",
PRU,0,36452102144,16.241325,7.0095305,1.047,6.34,Insurance - Life,Financial Services,37936,United States,2821750016,47712002048,60366000128,15569999872,-16394500096,"Prudential Financial, Inc.",0.6775
PEG,0,40418840576,22.131147,19.901718,0.497,3.66,Utilities - Regulated Electric,Utilities,13047,United States,3940999936,23548000256,10752000000,3678000128,-973625024,Public Service Enterprise Group,2.4938
PTC,0,20311994368,46.521976,24.191427,1.183,3.64,Software - Application,Technology,7000,United States,739947008,1567497984,2346680064,1903879936,804437248,PTC Inc.,1.4845
PSA,0,51743379456,29.231913,27.746943,0.879,10.09,REIT - Industrial,Real Estate,5900,United States,3343835904,9424558080,4738937856,3454361088,2434415872,Public Storage,11.4915
PHM,0,20365387776,7.1758475,7.5266666,1.297,14.16,Residential Construction,Consumer Cyclical,6793,United States,3852910080,2188933120,17890439168,5117159936,761504256,"PulteGroup, Inc.",0.2989
PWR,0,53093777408,57.783875,35.261814,1.072,6.2,Engineering & Construction,Industrials,58400,United States,2173506048,4747752960,24874309632,3721304064,1378591872,"Quanta Services, Inc.",2.2241
QCOM,0,169882566656,15.803882,12.650859,1.256,9.79,Semiconductors,Technology,49000,United States,13351000064,14622999552,42285998080,23545999360,8322874880,QUALCOMM Incorporated,2.2221
DGX,0,20117743616,22.782555,18.46414,0.491,7.91,Diagnostics & Research,Healthcare,55000,United States,1975000064,6576000000,10158000128,3356000000,817625024,Quest Diagnostics Incorporated,1.5983
RL,0,15696855040,22.412575,19.985405,1.531,11.61,Apparel Manufacturing,Consumer Cyclical,15000,United States,1143000064,2668100096,7079000064,4852899840,816062528,Ralph Lauren Corporation,2.1911
RJF,0,29379563520,14.028901,13.071813,1.043,10.38,Asset Management,Financial Services,19000,United States,,4461000192,13566999552,12654000128,,"Raymond James Financial, Inc.",1.6452
RTX,0,194634547200,42.72434,23.844517,0.617,3.41,Aerospace & Defense,Industrials,185000,United States,13381999616,42945998848,81738997760,15964999680,5729124864,RTX Corporation,1.5687
O,0,52053532672,52.399998,36.25157,0.766,1.1,REIT - Retail,Real Estate,468,United States,4864595968,27452194816,5404987904,5009993216,2469820160,Realty Income Corporation,5.7393
REG,0,12829265920,33.293842,33.45238,1.023,2.11,REIT - Retail,Real Estate,495,United States,956665984,4886515200,1522884992,1082594944,638198656,Regency Centers Corporation,2.7803
REGN,0,57139396608,13.459817,11.680423,0.307,39.32,Biotechnology,Healthcare,15158,United States,4471000064,2704800000,14085699584,6873699840,2082887552,"Regeneron Pharmaceuticals, Inc.",1.0964
RF,0,19335985152,10.391305,9.517699,0.978,2.07,Banks - Regional,Financial Services,19644,United States,,,6661000192,6661000192,,Regions Financial Corporation,2.7809
RSG,0,78517993472,37.897434,36.89574,0.644,6.63,Waste Management,Industrials,42000,United States,5038000128,13530000384,16179000320,6978999808,1919374976,"Republic Services, Inc.",3.9682
RMD,0,36559978496,28.015732,24.231293,0.769,8.9,Medical Instruments & Supplies,Healthcare,,United States,1764669952,839772032,5021529088,2981164032,1202870656,ResMed Inc.,1.4831
RVTY,0,11024380928,38.648758,18.125969,0.972,2.42,Diagnostics & Research,Healthcare,11000,United States,835348992,3325364992,2769868032,1557958016,742646848,"Revvity, Inc.",0.6989
ROK,0,35826782208,39.981133,27.88158,1.373,7.95,Specialty Industrial Machinery,Industrials,27000,United States,1578700032,4092999936,7968200192,3128900096,1083287552,"Rockwell Automation, Inc.",3.3522
ROL,0,27566665728,57.454548,50.785713,0.768,0.99,Personal Services,Consumer Cyclical,20000,United States,782566976,911033024,3462863104,1825090048,492010496,"Rollins, Inc.",4.9184
ROP,0,60289036288,40.487362,28.00949,1.036,13.85,Software - Application,Technology,18200,United States,2872999936,7456399872,7241299968,4991000064,2161250048,"Roper Technologies, Inc.",3.1176
ROST,0,43122675712,20.828594,19.707773,1.157,6.33,Apparel Retail,Consumer Cyclical,107000,United States,3054482944,5015669248,21256122368,6952072192,1145347072,"Ross Stores, Inc.",2.5971
RCL,0,70084198400,21.016287,18.06018,2.15,12.28,Travel Services,Consumer Cyclical,105950,United States,5942000128,20118999040,16755999744,8305999872,1198875008,Royal Caribbean Cruises Ltd.,0.9613
SPGI,0,153798459392,39.363422,29.832838,1.195,12.74,Financial Data & Stock Exchanges,Financial Services,42350,United States,7144000000,12024999936,14494000128,10060999680,5187999744,S&P Global Inc.,2.181
CRM,0,247030398976,40.501564,23.216532,1.377,6.38,Software - Application,Technology,76453,United States,11205999616,12019999744,38591000576,29845000192,14429875200,"Salesforce, Inc.",1.3805
SBAC,0,24479195136,30.136244,24.845148,0.78,7.56,REIT - Specialty,Real Estate,1720,United States,1788802944,14641131520,2686020096,2062710016,455928512,SBA Communications Corporation,1.668
SLB,0,49039847424,12.305084,9.891007,1.026,2.95,Oil & Gas Equipment & Services,Energy,110000,United States,8221000192,14138000384,36072001536,7394999808,3030749952,Schlumberger N.V.,3.603
STX,0,27008856064,18.312231,13.120619,1.428,6.95,Computer Hardware,Technology,30000,Singapore,1891000064,5145999872,8540000256,2886000128,190875008,Seagate Technology Holdings PLC,0.3411
SRE,0,48312754176,16.281319,14.412452,0.656,4.55,Utilities - Diversified,Utilities,16773,United States,5400000000,38085001216,13347000320,5505999872,-5204125184,DBA Sempra,1.9598
NOW,0,204802883584,133.4224,59.201195,0.956,7.41,Software - Application,Technology,26293,United States,2110000000,2399000064,11468999680,9050999808,3713125120,"ServiceNow, Inc.",2.203
SHW,0,84171866112,31.746693,26.28169,1.212,10.58,Specialty Chemicals,Basic Materials,63890,United States,4433699840,13628000256,23036899328,11223199744,1882837504,Sherwin-Williams Company (The),3.3892
SPG,0,59173109760,24.984076,23.141592,1.486,6.28,REIT - Retail,Real Estate,2600,United States,4446823936,25273774080,5994220032,4937442816,1983254400,"Simon Property Group, Inc.",
SWKS,0,10696690688,27.832031,11.1328125,1.155,2.56,Semiconductors,Technology,10100,United States,895699968,1209600000,3952199936,1627500032,1029425024,"Skyworks Solutions, Inc.",2.0356
SJM,0,10186234880,,9.090219,0.333,-11.57,Packaged Foods,Consumer Defensive,,United States,2166099968,7677599744,8726099968,3393799936,647312512,The J.M. Smucker Company,2.1689
SW,0,21914105856,51.19512,11.628809,1.017,0.82,Packaging & Containers,Consumer Cyclical,100000,Ireland,3575000064,14218999808,25834999808,5062000128,-1627874944,Smurfit WestRock plc,0.315
SNA,0,16210209792,16.230366,15.407554,0.766,19.1,Tools & Accessories,Industrials,13000,United States,1449900032,1301600000,5069700096,2638599936,811500032,Snap-On Incorporated,2.3155
SOLV,0,12768359424,34.009216,13.345388,,2.17,Medical Instruments & Supplies,Healthcare,22000,United States,1416000000,7912999936,8307999744,4563999744,1045374976,Solventum Corporation,
SO,0,99402162176,21.666666,20.91435,0.367,4.17,Utilities - Regulated Electric,Utilities,28314,United States,13374999552,70119997440,27853000704,13838999552,407249984,Southern Company (The),3.8562
LUV,0,18081847296,35.651684,19.955975,1.227,0.89,Airlines,Industrials,71506,United States,1891000064,7994999808,27581999104,6115999744,-837249984,Southwest Airlines Company,0.5376
SWK,0,10096570368,27.652544,11.887069,1.172,2.36,Tools & Accessories,Industrials,48000,United States,1566099968,7214499840,15240800256,4571899904,738774976,"Stanley Black & Decker, Inc.",
SBUX,0,105980665856,33.912727,25.069893,0.99,2.75,Restaurants,Consumer Cyclical,361000,United States,6058200064,26031900672,36347301888,9097900032,1848912512,Starbucks Corporation,2.4224
STT,0,27417399296,10.826576,10.293362,1.463,8.88,Asset Management,Financial Services,52711,United States,,64741998592,13086000128,13086000128,,State Street Corporation,1.0433
STLD,0,19815639040,17.540077,13.294821,1.394,7.61,Steel,Basic Materials,13000,United States,1964616960,4196079104,17215582208,2308332032,-482931744,"Steel Dynamics, Inc.",
STE,0,23740856320,39.242275,24.20662,0.943,6.15,Medical Devices,Healthcare,17787,United States,1464445952,2202540032,5459514880,2418995968,1609312256,STERIS plc (Ireland),1.9562
SYK,0,144190849024,50.986485,27.886179,0.927,7.4,Medical Devices,Healthcare,53000,United States,6176999936,17355999232,23217999872,15022000128,3028375040,Stryker Corporation,2.2016
SMCI,0,24803756032,22.586956,9.8018875,1.397,1.84,Computer Hardware,Technology,5684,United States,1364608000,2647895040,21569720320,2431848960,-272670496,"Super Micro Computer, Inc.",
SYF,0,22778515456,8.19726,9.248841,1.428,7.3,Credit Services,Financial Services,20000,United States,,17009000448,8705000448,8705000448,,Synchrony Financial,
SNPS,0,74300391424,55.23183,32.203094,1.11,8.67,Software - Infrastructure,Technology,20000,United States,1471897984,10742250496,6221316096,5064891904,1938772352,"Synopsys, Inc.",18.6233
SYY,0,36012224512,19.196383,15.099593,0.817,3.87,Food Distribution,Consumer Defensive,76000,United States,4435999744,14609000448,80787996672,14821000192,2215365888,Sysco Corporation,1.4012
TMUS,0,258882600960,22.265625,21.368322,0.628,10.24,Telecom Services,Communication Services,70000,United States,31601999872,121691996160,82691997696,52799000576,9022624768,"T-Mobile US, Inc.",1.0584
TROW,0,20176539648,10.395005,9.794652,1.513,8.81,Asset Management,Financial Services,8084,United States,2832999936,516600000,7107299840,3721799936,935237504,"T. Rowe Price Group, Inc.",2.8506
TTWO,0,42106073088,,29.36607,1.029,-25.58,Electronic Gaming & Multimedia,Communication Services,12928,United States,448900000,4105900032,5633600000,3276699904,1150724992,"Take-Two Interactive Software, ",3.6705
TPR,0,16388818944,20.76579,16.57773,1.478,3.8,Luxury Goods,Consumer Cyclical,12500,United States,1542200064,4107699968,6878600192,5165000192,575350016,"Tapestry, Inc.",1.0794
TRGP,0,37921882112,32.13419,21.163437,1.071,5.44,Oil & Gas Midstream,Energy,3370,United States,4060000000,16208700416,16380600320,5637799936,-188950000,"Targa Resources, Inc.",1.4395
TGT,0,43332886528,10.48022,9.074215,1.212,9.1,Discount Stores,Consumer Defensive,440000,United States,8961000448,19463000064,105881001984,29721999360,2960250112,Target Corporation,2.2299
TEL,0,48224473088,35.352173,18.088987,1.222,4.6,Electronic Components,Technology,85000,Ireland,3848000000,5678000128,16026000384,5587999744,1521624960,TE Connectivity plc,2.8519
TDY,0,22842503168,27.855429,22.715284,1.051,17.5,Scientific & Technical Instruments,Technology,14900,United States,1393299968,2964800000,5769800192,2474400000,876275008,Teledyne Technologies Incorpora,
TER,0,13327693824,23.535412,19.548235,1.673,3.53,Semiconductor Equipment & Materials,Technology,6500,United States,723016000,68763000,2905741056,1724980992,499388512,"Teradyne, Inc.",1.391
TSLA,0,1047810473984,184.83522,100.40432,2.461,1.76,Auto Manufacturers,Consumer Cyclical,125665,United States,12549999616,13127999488,95724003328,16906999808,3360000000,"Tesla, Inc.",5.6601
TXN,0,177152032768,36.931816,33.163265,0.99,5.28,Semiconductors,Technology,34000,United States,7097999872,12848000000,16049000448,9312000000,-257000000,Texas Instruments Incorporated,2.0709
TPL,0,25736120320,55.86726,15.311542,1.13,20.04,Oil & Gas E&P,Energy,111,United States,591700992,0,727664000,680625984,-52545248,Texas Pacific Land Corporation,
TXT,0,13970108416,17.427927,11.549253,1.163,4.44,Aerospace & Defense,Industrials,34000,United States,1523000064,4100999936,13873000448,2484999936,584625024,Textron Inc.,0.9059
TMO,0,152039489536,23.63615,17.14602,0.78,17.04,Diagnostics & Research,Healthcare,125000,United States,10826000384,34258999296,42898001920,17774999552,5770375168,Thermo Fisher Scientific Inc,1.5486
TJX,0,138236477440,29.155294,26.936958,0.903,4.25,Apparel Retail,Consumer Cyclical,364000,United States,7414000128,13061999616,56991997952,17372999680,2886874880,"TJX Companies, Inc. (The)",2.8081
TKO,0,13331383296,82.78172,50.333332,,1.97,Entertainment,Communication Services,,United States,730153024,3069408000,2850693120,1988846976,399396736,"TKO Group Holdings, Inc.",
TSCO,0,27326662656,25.641792,4.630728,0.734,2.01,Specialty Retail,Consumer Cyclical,52000,United States,1916492032,5761726976,14955348992,5431124992,498994112,Tractor Supply Company,2.4263
TT,0,93977559040,34.710873,33.311466,1.172,12.14,Building Products & Equipment,Industrials,45000,Ireland,3934000128,4771299840,20311199744,7298100224,2439650048,Trane Technologies plc,3.2383
TDG,0,80858718208,48.537086,33.109707,1.047,29.66,Aerospace & Defense,Industrials,16600,United States,4256999936,25103998976,8387999744,5013000192,2083124992,Transdigm Group Incorporated,3.9546
TRV,0,59694133248,14.350218,12.398588,0.537,18.36,Insurance - Property & Casualty,Financial Services,34000,United States,6377999872,8032999936,47004999680,11543000064,15715749888,"The Travelers Companies, Inc.",3.3418
TRMB,0,16958765056,11.595432,23.85235,1.677,6.13,Scientific & Technical Instruments,Technology,12100,United States,683200000,1391000064,3570599936,2447800064,1418562560,Trimble Inc.,2.4638
TFC,0,51032772608,,9.865823,0.815,-0.19,Banks - Regional,Financial Services,37529,United States,,58786000896,11530999808,11530999808,,Truist Financial Corporation,
TYL,0,24999555072,87.703476,53.529083,0.852,6.61,Software - Application,Technology,7462,United States,430240000,640102016,2190608896,979176000,513009984,"Tyler Technologies, Inc.",3.0945
TSN,0,19525185536,21.326849,15.660001,0.585,2.57,Farm Products,Consumer Defensive,138000,United States,3489999872,9068000256,53615001600,4220000000,1389500032,"Tyson Foods, Inc.",0.4202
USB,0,66979708928,10.641089,9.928407,1.017,4.04,Banks - Regional,Financial Services,70000,United States,,80944996352,25355999232,25355999232,,U.S. Bancorp,1.5885
UBER,0,175511896064,14.698774,35.56356,1.387,5.71,Software - Application,Technology,31500,United States,4576000000,11123999744,45380001792,15244999680,5420375040,"Uber Technologies, Inc.",13.3578
UDR,0,15543544832,114.52777,87.723404,0.833,0.36,REIT - Residential,Real Estate,1419,United States,1002488000,5992567808,1705219968,1133725056,617970624,"UDR, Inc.",
ULTA,0,20637671424,17.950352,20.077394,1.096,25.58,Specialty Retail,Consumer Cyclical,20000,United States,1839831040,1975202944,11418173440,4877027840,875767616,"Ulta Beauty, Inc.",2.5931
UNP,0,133458206720,20.123423,18.445087,1.052,11.1,Railroads,Industrials,30146,United States,12179000320,33904001024,24245999616,13509000192,4643250176,Union Pacific Corporation,2.8134
UAL,0,24168472576,6.733394,6.120761,1.442,10.99,Airlines,Industrials,109200,United States,8504000000,32924999680,57736998912,20137000960,2363875072,"United Airlines Holdings, Inc.",4.8938
UPS,0,84679802880,14.59854,11.350738,1.189,6.85,Integrated Freight & Logistics,Industrials,490000,United States,11612999680,25593999360,90909999104,19434999808,4268624896,"United Parcel Service, Inc.",1.4666
URI,0,45163905024,18.01971,14.827999,1.705,38.56,Rental & Leasing Services,Industrials,27900,United States,4524000256,13992999936,15578999808,6216999936,2394249984,"United Rentals, Inc.",1.4301
UNH,0,284415590400,13.123901,10.485953,0.453,23.89,Healthcare Plans,Healthcare,400000,United States,36238000128,81270996992,410057015296,90168000512,20096374784,UnitedHealth Group Incorporated,0.832
UHS,0,11023819776,9.605279,9.420155,1.318,17.81,Medical Care Facilities,Healthcare,99300,United States,2343207936,5094129152,16084073472,6869812224,849583872,"Universal Health Services, Inc.",
VLO,0,42004058112,45.92808,13.89741,0.972,2.92,Oil & Gas Refining & Marketing,Energy,9898,United States,5161999872,10853999616,122355998720,6055000064,4169374976,Valero Energy Corporation,6.193
VTR,0,28819890176,193.51515,399.125,0.908,0.33,REIT - Healthcare Facilities,Real Estate,498,United States,1928465024,12921492480,5055948800,2132519040,869675776,"Ventas, Inc.",1.7434
VLTO,0,24121831424,27.805714,25.952,,3.5,Pollution & Treatment Controls,Industrials,17000,United States,1314000000,2814000128,5279000064,3163000064,773750016,Veralto Corp,3.8944
VRSN,0,26282608640,34.259483,32.358383,0.771,8.17,Software - Infrastructure,Technology,929,United States,1106499968,1791699968,1575399936,1383699968,760762496,"VeriSign, Inc.",2.3888
VRSK,0,43421392896,45.64853,42.580246,0.878,6.8,Consulting Services,Industrials,7800,United States,1404899968,3935399936,2930700032,2026599936,833550016,"Verisk Analytics, Inc.",4.1877
VZ,0,181340913664,10.240477,9.093023,0.38,4.2,Telecom Services,Communication Services,99400,United States,49336999936,172533006336,135292002304,81199996928,17040874496,Verizon Communications Inc.,2.1327
VRTX,0,116958191616,,24.264784,0.418,-3.83,Biotechnology,Healthcare,6100,United States,4584399872,1649100032,11099700224,5892899840,2634387456,Vertex Pharmaceuticals Incorpor,
VTRS,0,10469225472,,3.340824,0.892,-3.18,Drug Manufacturers - Specialty & Generic,Healthcare,32000,United States,4216499968,14458500096,14330200064,5830700032,6115174912,Viatris Inc.,0.1471
VICI,0,33941524480,12.848,11.765567,0.724,2.5,REIT - Diversified,Real Estate,27,United States,3498725888,17764276224,3881927936,3850885120,1063830016,VICI Properties Inc.,
V,0,675944202240,35.462315,27.871248,0.943,9.95,Credit Services,Financial Services,,United States,26225000448,20761999360,37620998144,36781998080,14747499520,Visa Inc.,2.0274
VST,0,58958934016,27.535658,25.18116,1.246,6.31,Utilities - Independent Power Producers,Utilities,6850,United States,6762999808,17713999872,18102999040,7478000128,2785625088,Vistra Corp.,5.4204
VMC,0,34448756736,36.625,28.719162,0.836,7.12,Building Materials,Basic Materials,11971,United States,2132999936,5533300224,7506599936,2060000000,859037504,Vulcan Materials Company (Holdi,2.3384
WRB,0,27803000832,17.00464,16.848276,0.432,4.31,Insurance - Property & Casualty,Financial Services,8606,United States,2400033024,3065665024,13929377792,6039561216,3696998400,W.R. Berkley Corporation,18.2177
GWW,0,51124756480,27.322977,25.27262,1.212,38.95,Industrial Distribution,Industrials,23500,United States,2916999936,2679000064,17238999040,6800000000,1247750016,"W.W. Grainger, Inc.",2.3572
WAB,0,34516115456,31.564945,23.757362,1.128,6.39,Railroads,Industrials,29500,United States,2184999936,4312000000,10499999744,3484999936,1158499968,Westinghouse Air Brake Technolo,
WBA,0,9849365504,,7.7482996,0.746,-6.69,Pharmaceutical Retailers,Healthcare,193000,United States,1326000000,31107000320,151946002432,26427000832,3674125056,"Walgreens Boots Alliance, Inc.",
WMT,0,753670881280,40.35898,34.72059,0.693,2.34,Discount Stores,Consumer Defensive,2100000,United States,42757001216,68693000192,685086015488,170461003776,9960500224,Walmart Inc.,3.6046
DIS,0,212026638336,24.11861,22.90097,1.552,4.89,Entertainment,Communication Services,177080,United States,19120001024,42888998912,94039998464,34885001216,9386999808,Walt Disney Company (The),0.9345
WBD,0,24814921728,,-77.15385,1.517,-4.4,Entertainment,Communication Services,35000,United States,7584999936,37425999872,38342000640,16600999936,19488999424,"Warner Bros. Discovery, Inc. - ",
WM,0,95169495040,35.563908,29.306072,0.668,6.65,Waste Management,Industrials,61700,United States,6732000256,23836999680,22922000384,9031999488,1166375040,"Waste Management, Inc.",3.0834
WAT,0,20369965056,31.061703,26.473316,1.117,11.02,Diagnostics & Research,Healthcare,7600,United States,1037862976,1542098048,2983252992,1768093056,588827520,Waters Corporation,2.254
WEC,0,33544175616,20.489279,20.136017,0.439,5.13,Utilities - Regulated Electric,Utilities,7000,United States,3583500032,20545499136,9069200384,3945200128,-755025024,"WEC Energy Group, Inc.",2.5678
WFC,0,235472470016,13.014389,13.180328,1.155,5.56,Banks - Diversified,Financial Services,215367,United States,,328864006144,77254000640,77254000640,,Wells Fargo & Company,1.6429
WELL,0,99662282752,87.08571,83.73626,0.921,1.75,REIT - Healthcare Facilities,Real Estate,685,United States,3153949952,17012786176,8554464256,3351672064,2852324608,Welltower Inc.,3.3253
WST,0,15943213056,34.836735,29.50931,1.09,6.37,Medical Instruments & Supplies,Healthcare,10600,United States,756499968,307400000,2895800064,1000200000,233512496,"West Pharmaceutical Services, I",3.7277
WDC,0,19432505344,19.075342,6.3223605,1.543,2.92,Computer Hardware,Technology,51000,United States,2289999872,,15605000192,4456999936,1406375040,Western Digital Corporation,
WY,0,19437316096,54.693874,31.162788,1.169,0.49,REIT - Specialty,Real Estate,9400,United States,1142000000,5189000192,7090999808,1292999936,483500000,Weyerhaeuser Company,1.8025
WSM,0,18936772608,17.798845,18.93727,1.477,8.65,Specialty Retail,Consumer Cyclical,19600,United States,1636894976,1368814976,7781305856,3552940032,835529152,"Williams-Sonoma, Inc.",2.0617
WMB,0,72991981568,32.139786,28.60287,0.679,1.86,Oil & Gas Midstream,Energy,5829,United States,5696000000,27410999296,11082999808,6642999808,803500032,"Williams Companies, Inc. (The)",2.5906
WTW,0,29381058560,,16.380873,0.706,-0.47,Insurance Brokers,Financial Services,49000,United Kingdom,2556000000,5928000000,9811999744,4392000000,688875008,Willis Towers Watson Public Lim,
WDAY,0,65193385984,135.10498,29.462648,1.236,1.81,Software - Application,Technology,20515,United States,967000000,3392999936,8696000512,6578999808,2373750016,"Workday, Inc.",1.0735
WYNN,0,8801355776,22.508022,16.768925,1.372,3.74,Resorts & Casinos,Consumer Cyclical,28000,United States,1680557952,12184398848,6965449216,4773491200,494949632,"Wynn Resorts, Limited",3.23
XEL,0,39000580096,19.888235,17.655354,0.385,3.4,Utilities - Regulated Electric,Utilities,11380,United States,5358000128,32391000064,13697999872,6048000000,-3678500096,Xcel Energy Inc.,2.6639
XYL,0,30540552192,33.82749,26.421053,1.123,3.71,Specialty Industrial Machinery,Industrials,23000,United States,1727000064,2136000000,8597999616,3228000000,985500032,Xylem Inc.,2.4278
YUM,0,40026959872,28.62823,23.684212,0.736,5.03,Restaurants,Consumer Cyclical,40000,United States,2747000064,12225999872,7737999872,3620999936,1278625024,"Yum! Brands, Inc.",1.9802
ZBRA,0,14422787072,26.806236,17.68142,1.754,10.58,Communication Equipment,Technology,9900,United States,963000000,2360999936,5113999872,2495000064,888625024,Zebra Technologies Corporation,1.2504
ZBH,0,18059565056,20.284445,10.613953,0.72,4.5,Medical Devices,Healthcare,17000,United States,2554400000,7325400064,7698500096,5481299968,1321200000,"Zimmer Biomet Holdings, Inc.",1.1898
ZTS,0,73161031680,29.502693,25.919558,0.944,5.57,Drug Manufacturers - Specialty & Generic,Healthcare,13800,United States,3867000064,6778999808,9285999616,6589000192,2299624960,Zoetis Inc.,2.7974
YPF,0,14314772480,8.459208,7.721277,0.766,4.29,Oil & Gas Integrated,Energy,,Argentina,4219265089536,11001791512576,19163655438336,5234875170816,-1461666447360,YPF Sociedad Anonima,
GGAL,0,9091237888,6.9290237,7.6783705,1.023,7.89,Banks - Regional,Financial Services,5578,Argentina,,4654509850624,5662748180480,5519574564864,,Grupo Financiero Galicia S.A.,
BMA,0,4947834880,,7.331028,0.932,-0.83,Banks - Regional,Financial Services,8903,Argentina,,523127226368,2856117338112,2803753287680,,Banco Macro S.A.,
BBAR,0,3856653056,11.27044,13.274074,0.517,1.59,Banks - Regional,Financial Services,6399,Argentina,,1565690691584,2784762527744,2737369513984,,Banco BBVA Argentina S.A.,
CEPU,0,1852878464,44.035713,12.978948,0.116,0.28,Utilities - Regulated Electric,Utilities,,Argentina,301427949568,410474610688,748170051584,296248442880,139496062976,Central Puerto S.A.,
LOMA,0,1453776384,16.542858,13.310345,1.063,0.7,Building Materials,Basic Materials,,Argentina,167775043584,200380792832,683243339776,184658427904,-10691885056,Loma Negra Compania Industrial ,
SUPV,0,1059148416,29.128206,10.142857,1.041,0.39,Banks - Regional,Financial Services,3442,Argentina,,355531456512,797298982912,797298982912,,Grupo Supervielle S.A.,
TSLL,0,,74.03397,,,,,,,,,,,,,Direxion Daily TSLA Bull 2X Sha,
SOXL,0,,30.987137,,,,,,,,,,,,,Direxion Daily Semiconductor Bu,
SQQQ,0,,,,,,,,,,,,,,,ProShares UltraPro Short QQQ,
SOXS,0,,,,,,,,,,,,,,,Direxion Daily Semiconductor Be,
TQQQ,0,,31.62397,,,,,,,,,,,,,ProShares UltraPro QQQ,
TSLZ,0,,,,,,,,,,,,,,,ETF Opportunities Trust T-Rex 2,
SPY,0,547915857920,25.806665,,,,,,,,,,,,,SPDR S&P 500,
SPXS,0,,,,,,,,,,,,,,,Direxion Daily S&P 500 Bear 3X,
MSTU,0,,,,,,,,,,,,,,,ETF Opportunities Trust T-Rex 2,
HYG,0,15522816000,10.91209,1322.6667,,,,,,,,,,,,iShares iBoxx $ High Yield Corp,
QQQ,0,207147991040,30.864155,,,,,,,,,,,,,"Invesco QQQ Trust, Series 1",
MSTZ,0,,,,,,,,,,,,,,,ETF Opportunities Trust T-Rex 2,
TLT,0,9470401536,,-4316.5,,,,,,,,,,,,iShares 20+ Year Treasury Bond ,
FXI,0,4735281152,10.4232855,,,,,,,,,,,,,iShares China Large-Cap ETF,
AMDL,0,,,,,,,,,,,,,,,GraniteShares 2x Long AMD Daily,
XLF,0,44136910848,17.661264,,,,,,,,,,,,,SPDR Select Sector Fund - Finan,
IBIT,0,,,,,,,,,,,,,,,iShares Bitcoin Trust ETF,
LQD,0,31636365312,32.594498,,,,,,,,,,,,,iShares iBoxx $ Investment Grad,
EWZ,0,5643476992,10.39898,,,,,,,,,,,,,iShares Inc iShares MSCI Brazil,
NVDQ,0,,,,,,,,,,,,,,,ETF Opportunities Trust T-Rex 2,
NVDX,0,,40.54976,,,,,,,,,,,,,ETF Opportunities Trust T-Rex 2,
TSLQ,0,,62.641724,,,,,,,,,,,,,Tradr 2X Short TSLA Daily ETF,
NVDL,0,,,,,,,,,,,,,,,GraniteShares 2x Long NVDA Dail,
SMST,0,,,,,,,,,,,,,,,Defiance Daily Target 2x Short ,
KWEB,0,,17.166723,,,,,,,,,,,,,KraneShares Trust KraneShares C,
